record_id,project_id,project_name,segment,owner,status,estimated_in_service_year,year_only_no_exact_date,states,origin_substation,destination_substation,latitude,longitude,coordinate_method,coordinate_count,coordinate_substations,project_source_url,dataset_source_url
R-0001,P-0001,502 Junction - Woodside 500 KV,,NEET,Permitting,2031,yes,"Maryland, Pennsylvania, Virginia, West Virginia",502 Junction,Woodside,39.740543,-80.032789,one_named_endpoint,1,502 Junction,https://www.pjm.com/planning/m/project-construction,https://ourgridfuture.org/
R-0002,P-0002,Abel-Pfister-Ball 230 kV Transmission Project,,Salt River Project (SRP),Complete,2024,yes,Arizona,Abel,Ball,33.220792,-111.58297,named_endpoint_midpoint,2,Abel; Ball,https://www.srpnet.com/grid-water-management/grid-management/improvement-projects/abel-pfister-ball-transmission#2,https://ourgridfuture.org/
R-0005,P-0005,Ajo to Reforzar: Construct New 345 kV Double Circuit Line,,"AEP Texas, Electric Transmission Texas (ETT)",Planning,2026,yes,Texas,Ajo,Reforzar,27.092027,-97.774388,one_named_endpoint,1,Ajo,https://www.aeptransmission.com/texas/Ajo-Reforzar/,https://ourgridfuture.org/
R-0006,P-0006,Alberhill System Project,,Southern California Edison,Permitting,2029,yes,California,Alberhill,NA - line interconnection,33.733891,-117.413602,one_named_endpoint,1,Alberhill,https://www.sce.com/about-us/reliability/upgrading-transmission/alberhill,https://ourgridfuture.org/
R-0007,P-0007,Alexandria to Big Oaks (Cassie's Crossing),Added 345 kV circuit,"Great River Energy, Minnesota Power, Missouri River Energy Services, Otter Tail Power Company, Xcel Energy",Permitting,2030,yes,Minnesota,Alexandria,Big Oaks,45.356351,-93.874668,one_named_endpoint,1,Big Oaks,https://www.alexandriatobigoaks.com/,https://ourgridfuture.org/
R-0008,P-0007,Alexandria to Big Oaks (Cassie's Crossing),New construction,"Great River Energy, Minnesota Power, Missouri River Energy Services, Otter Tail Power Company, Xcel Energy",Permitting,2030,yes,Minnesota,NA - Line interconnection only,NA - Line interconnection only,45.343598,-93.860513,two_linked_substations_midpoint,2,Monticello; Big Oaks,https://www.alexandriatobigoaks.com/,https://ourgridfuture.org/
R-0012,P-0010,Angstrom - Grissom: Build New Line,,AEP Texas,Planning,2024,yes,Texas,Angstrom,Grissom,28.218241,-97.556691,one_named_endpoint,1,Grissom,https://www.aeptransmission.com/texas/Angstrom-Grissom/,https://ourgridfuture.org/
R-0013,P-0011,Angstrom to Naismith: Build New 345 kV Line,,AEP Texas,Construction,2024,yes,Texas,Angstrom,Naismith,27.934175,-97.245593,one_named_endpoint,1,Naismith,https://power-viz.com/aep/texas/Angstrom-Naismith/docs/Angstrom-Naismith_Factsheet_V6.pdf,https://ourgridfuture.org/
R-0014,P-0012,Angstrom to STP: Increase 345 kV Line MOT,,AEP Texas,Planning,2025,yes,Texas,Angstrom,Sotex5 (STP),28.799468,-96.05056,one_named_endpoint,1,Sotex5 (STP),https://www.ercot.com/gridinfo/planning,https://ourgridfuture.org/
R-0028,P-0025,Aviator 230 kV Project,,Dominion Energy,Complete,2024,yes,Virginia,Poland Road,Aviator,38.920603,-77.488916,named_endpoint_midpoint,2,Poland Road; Aviator,https://www.dominionenergy.com/projects-and-facilities/electric-projects/power-line-projects/aviator,https://ourgridfuture.org/
R-0035,P-0032,BECO to DTC 230 kV,,Dominion Energy,Construction,2025,yes,Virginia,BECO,DTC,39.037192,-77.428995,one_named_endpoint,1,DTC,https://www.dominionenergy.com/projects-and-facilities/electric-projects/power-line-projects/beco-to-dtc,https://ourgridfuture.org/
R-0044,P-0041,Big Stone South to Alexandria Route Options,,"Otter Tail Power Company, Missouri River Energy Services",Permitting,2030,yes,"Minnesota, South Dakota",Big Stone South,Alexandria,45.564525,-95.95647,named_endpoint_midpoint,2,Big Stone South; Alexandria,https://www.bigstonesouthtoalexandria.com/,https://ourgridfuture.org/
R-0049,P-0046,Blackberry - Wolf Creek 345 kV,,NextEra Energy Transmission,Construction,2025,yes,"Kansas, Missouri",Blackberry (MO),Wolf Creek (KS),37.787706,-95.148458,two_linked_substations_midpoint,2,Blackberry; Wolf Creek,https://www.nexteraenergytransmission.com/subsidiaries/neetsw/projects/wolf-creek-blackberry.html,https://ourgridfuture.org/
R-0056,P-0053,Borden - Storey 230 kV Line Reconductoring,,Pacific Gas and Electric Company (PG&E),Planning,2029,yes,California,Borden,Storey,36.952637,-120.00901,named_endpoint_midpoint,2,Borden; Storey,https://www.caiso.com/documents/iso-board-approved-2023-2024-transmission-plan.pdf,https://ourgridfuture.org/
R-0072,P-0069,Cannon Branch - Winters Branch 230 kV Line Extension,,Dominion Energy,Construction,2026,yes,Virginia,Cannon Branch,Winters Branch,38.732736,-77.507383,one_named_endpoint,1,Winters Branch,"https://www.dominionenergy.com/projects-and-facilities/electric-projects/power-line-projects/cannon-branch-winters-branch#:~:text=Project%20Overview&text=This%20project%20involves%20extending%20an,in%20Prince%20William%20County%2C%20Virginia.",https://ourgridfuture.org/
R-0073,P-0070,Cape Cod Solution Phase II,,Eversource,Construction,2029,yes,Massachusetts,Bourne Switching Station,West Barnstable,41.726115,-70.454266,named_endpoint_midpoint,2,Bourne Switching Station; West Barnstable,https://www.eversource.com/content/residential/about/transmission-distribution/projects/massachusetts-projects/cape-cod-solution/cape-cod-solution-phase-2,https://ourgridfuture.org/
R-0074,P-0071,Cape Fear - West End Line Rebuild,,Duke Energy,Permitting,2026,yes,North Carolina,Cape Fear,West End,35.406283,-79.290057,named_endpoint_midpoint,2,Cape Fear; West End,https://edocs.deq.nc.gov/WaterResources/Browse.aspx?dbid=0&startid=2870794&cr=1,https://ourgridfuture.org/
R-0076,P-0073,Carmel Church 230 kV Electric Transmission Project,,Dominion Energy,Permitting,2027,yes,Virginia,Carmel Church,NA - none,37.929558,-77.468622,one_named_endpoint,1,Carmel Church,https://www.dominionenergy.com/projects-and-facilities/electric-projects/power-line-projects/carmel-church-ruther-glen,https://ourgridfuture.org/
R-0080,P-0077,Castle 230 kV Transmission Line and Substation Project,,Entergy,Construction,2024,yes,Texas,Castle,NA (Cut in to line),30.306093,-95.839158,one_named_endpoint,1,Castle,https://interchange.puc.texas.gov/Documents/52304_168_1231545.PDF,https://ourgridfuture.org/
R-0084,P-0081,Cenizo to Cruce: Construct New 345 kV Double Circuit Line,,"AEP Texas, Electric Transmission Texas (ETT)",Construction,2026,yes,Texas,Cenizo,Cruce,27.327535,-99.411772,one_named_endpoint,1,Cenizo,https://www.aeptransmission.com/texas/Cenizo-Cruce/,https://ourgridfuture.org/
R-0085,P-0082,Central East Energy Connect,,"LS Power Grid New York, New York Power Authority",Construction,2023,yes,New York,Edic,New Scotland,42.609186,-73.9042,one_named_endpoint,1,New Scotland,https://www.lspgridnewyork.com/wp-content/uploads/2021/06/LS-Power-Grid-New-York-Overview-Handout-R3-Final.pdf,https://ourgridfuture.org/
R-0086,P-0083,Central Illinois Grid Transformation Program,138 kV Connector,"Ameren Transmission Company of Illinois (ATXI), Ameren Illinois",Permitting,2029,yes,Illinois,Macomb 1,Macomb 2,40.461526,-90.670299,named_endpoint_midpoint,2,Macomb 1; Macomb 2,https://www.ameren.com/company/ameren-transmission/central-illinois-grid-transformation-program,https://ourgridfuture.org/
R-0088,P-0083,Central Illinois Grid Transformation Program,Proposed Route,"Ameren Transmission Company of Illinois (ATXI), Ameren Illinois",Permitting,2029,yes,"Illinois, Indiana",Meredosia,Crossbuck,40.286653,-89.277053,named_endpoint_midpoint,2,Meredosia; Crossbuck,https://www.ameren.com/company/ameren-transmission/central-illinois-grid-transformation-program,https://ourgridfuture.org/
R-0095,P-0085,Champlain Hudson Power Express,Terrestrial,Transmission Developers Inc (TDI),Construction,2026,yes,New York,None (line interconnection),Astoria Converter Station,40.78702,-73.900227,one_named_endpoint,1,Astoria Converter Station,https://chpexpress.com/,https://ourgridfuture.org/
R-0096,P-0085,Champlain Hudson Power Express,Submarine,Transmission Developers Inc (TDI),Construction,2026,yes,"New York, Vermont",None (line interconnection),Astoria Converter Station,40.78702,-73.900227,one_named_endpoint,1,Astoria Converter Station,https://chpexpress.com/,https://ourgridfuture.org/
R-0097,P-0085,Champlain Hudson Power Express,Astoria Rainey Cable (Terrestrial),Transmission Developers Inc (TDI),Construction,2026,yes,New York,Astoria Converter Station,Rainey,40.78702,-73.900227,one_named_endpoint,1,Astoria Converter Station,https://chpexpress.com/,https://ourgridfuture.org/
R-0099,P-0087,Chehalis - Covington 230 kV Line Upgrade,,Bonneville Power Administration,,2028,yes,Washington,Chehalis,Covington,46.973489,-122.533983,named_endpoint_midpoint,2,Chehalis; Covington,https://www.bpa.gov/-/media/Aep/transmission/evolving-grid/EGP-10-Project-Summaries.pdf,https://ourgridfuture.org/
R-0103,P-0091,CIP-Hopkins,,Dominion Energy,Permitting,2025,yes,South Carolina,Columbia Industrial Park,Hopkins,33.882265,-80.920853,one_named_endpoint,1,Hopkins,https://www.dominionenergy.com/projects-and-facilities/electric-projects/power-line-projects/cip-hopkins,https://ourgridfuture.org/
R-0106,P-0094,Clean Path NY,,"New York Power Authority, Invenergy, energyRe",Terminated,2027,yes,New York,Rainey,Fraser,42.255531,-74.997745,one_named_endpoint,1,Fraser,https://www.cleanpathny.com/,https://ourgridfuture.org/
R-0113,P-0101,Cloverhill to Ox 230 kV Line,,Dominion Energy,"Engineering, design, and routing",2029,yes,Virginia,Cloverhill,Ox,38.719799,-77.499632,one_named_endpoint,1,Cloverhill,https://www.pjm.com/planning/m/project-construction,https://ourgridfuture.org/
R-0114,P-0102,Clubhouse to Lakeview 230 kV Rebuild,,Duke Energy,Complete,2023,yes,"North Carolina, Virginia",Clubhouse,Lakeview,36.718195,-77.584998,one_named_endpoint,1,Clubhouse,https://www.dominionenergy.com/projects-and-facilities/electric-projects/power-line-projects/line-254,https://ourgridfuture.org/
R-0117,P-0105,Colorado's Power Pathway,,Xcel Energy,Construction,2027,yes,Colorado,Fort St Vrain,Longhorn,38.928819,-103.628916,named_endpoint_midpoint,2,Fort St Vrain; Longhorn,https://www.coloradospowerpathway.com/,https://ourgridfuture.org/
R-0132,P-0112,Cookstown - Larrabee 230 kV,,Jersey Central Power & Light,Construction,2024,yes,New Jersey,Cookstown,Larrabee,40.06237,-74.549054,one_named_endpoint,1,Cookstown,https://www.pjm.com/planning/m/project-construction,https://ourgridfuture.org/
R-0134,P-0114,Cooper - North Delta (Bramah) 500 kV,,PECO,"Engineering, design, and routing",2028,yes,Pennsylvania,Cooper,North Delta (Bramah),39.752062,-76.300497,one_named_endpoint,1,Cooper,https://www.pjm.com/planning/m/project-construction,https://ourgridfuture.org/
R-0135,P-0115,Coopers Mills to Maine Yankee 345 kV line,,Central Maine Power Company,Construction,2025,yes,Maine,Coopers Mills,Maine Yankee,44.12529,-69.626002,named_endpoint_midpoint,2,Coopers Mills; Maine Yankee,https://www.iso-ne.com/system-planning/system-plans-studies/rsp/rsp-project-list-and-the-asset-condition-list,https://ourgridfuture.org/
R-0139,P-0119,Craggy - Enka Reliability Project,,Duke Energy,Construction,2025,yes,North Carolina,Craggy,Enka,35.590407,-82.621741,named_endpoint_midpoint,2,Craggy; Enka,https://www.duke-energy.com/our-company/about-us/electric-transmission-projects/craggy-enka,https://ourgridfuture.org/
R-0140,P-0120,Crossroads - Hobbs - Roadrunner,,Nextera Energy,"Engineering, design, and routing",2026,yes,New Mexico,Crossroads,Roadrunner,32.21183,-103.5323,one_named_endpoint,1,Roadrunner,https://www.nexteraenergytransmission.com/subsidiaries/neetsw/projects/crossroads-hobbs-roadrunner.html,https://ourgridfuture.org/
R-0143,P-0123,Crystal River - Bronson Transmission Line Project,,Duke Energy,Complete,2024,yes,Florida,Crystal River,Bronson,28.960431,-82.698887,one_named_endpoint,1,Crystal River,https://www.duke-energy.com/our-company/about-us/electric-transmission-projects/crystal-river-bronson,https://ourgridfuture.org/
R-0148,P-0125,Dauphin - Harrisburg 230 kV,,PPL Electric Utilities,"Engineering, design, and routing",2033,yes,Pennsylvania,Copperhead,Harrisburg,40.248008,-76.842265,one_named_endpoint,1,Copperhead,https://www.pjm.com/planning/m/project-construction,https://ourgridfuture.org/
R-0149,P-0126,Daves Store 230 kV Project,,Dominion Energy,Construction,2028,yes,Virginia,Daves Store,Trident,38.794525,-77.594165,named_endpoint_midpoint,2,Daves Store; Trident,https://www.dominionenergy.com/projects-and-facilities/electric-projects/power-line-projects/daves-store,https://ourgridfuture.org/
R-0151,P-0128,Del Sol to Frontera: Build New 345 kV Double Circuit Line,,"AEP Texas, Electric Transmission Texas (ETT)",Construction,2026,yes,Texas,Del Sol,Frontera,26.21786,-98.397117,one_named_endpoint,1,Frontera,https://www.aeptransmission.com/texas/DelSol-Frontera/,https://ourgridfuture.org/
R-0154,P-0131,Devers-Valley 500 kV Upgrade,,Southern California Edison,Planning,2028,yes,California,Devers,Valley (CA),33.738934,-117.156656,one_linked_substation,1,Valley,https://www.caiso.com/documents/iso-board-approved-2023-2024-transmission-plan.pdf,https://ourgridfuture.org/
R-0155,P-0132,Disston to Largo Transmission Upgrade,,Duke Energy,Construction,2027,yes,Florida,Disston,Largo,27.871757,-82.738415,named_endpoint_midpoint,2,Disston; Largo,https://www.duke-energy.com/our-company/about-us/electric-transmission-projects/pinellas-county-reliability-program/disston-to-largo,https://ourgridfuture.org/
R-0156,P-0133,Dooms - Harrisonburg Rebuild,,Dominion Energy,Permitting,2027,yes,Virginia,Dooms,Harrisonburg,38.411324,-78.882281,one_named_endpoint,1,Harrisonburg,https://www.dominionenergy.com/projects-and-facilities/electric-projects/power-line-projects/dooms-harrisonburg,https://ourgridfuture.org/
R-0159,P-0136,Eastern Colorado Transmission Expansion,Burlington - Lamar 230 kV,Tri-State Generation and Transmission Association,Complete,2028,yes,Colorado,Burlington,Lamar,38.209954,-102.478995,one_named_endpoint,1,Lamar,https://tristate.coop/tri-state-moving-forward-1865-million-transmission-system-upgrades,https://ourgridfuture.org/
R-0160,P-0136,Eastern Colorado Transmission Expansion,Boone - Huckleberry 230 kV,Tri-State Generation and Transmission Association,"Engineering, design, and routing",2028,yes,Colorado,Boone,Huckleberry,38.1355,-104.361154,named_endpoint_midpoint,2,Boone; Huckleberry,https://tristate.coop/tri-state-moving-forward-1865-million-transmission-system-upgrades,https://ourgridfuture.org/
R-0163,P-0138,Edsall 230 kV Electric Transmission Project,,Dominion Energy,Permitting,2027,yes,Virginia,Edsall,Van Dorn,38.798938,-77.146242,named_endpoint_midpoint,2,Edsall; Van Dorn,https://www.dominionenergy.com/projects-and-facilities/electric-projects/power-line-projects/edsall,https://ourgridfuture.org/
R-0165,P-0140,Empire State Line,,NextEra Energy Transmission,Complete,2022,yes,New York,Dysinger,East Stolle,42.971773,-78.573724,named_endpoint_midpoint,2,Dysinger; East Stolle,https://www.empirestateline.com/,https://ourgridfuture.org/
R-0166,P-0141,Energize Eastside,,Puget Sound Energy,Complete,2024,yes,Washington,Sammamish,Talbot Hill,47.576744,-122.170513,named_endpoint_midpoint,2,Sammamish; Talbot Hill,https://energizeeastside.com/,https://ourgridfuture.org/
R-0167,P-0142,Erwin - Fayetteville Line Upgrade Project,,Duke Energy,Construction,2026,yes,North Carolina,Erwin,Fayetteville,35.17861,-78.787359,named_endpoint_midpoint,2,Erwin; Fayetteville,https://www.duke-energy.com/our-company/about-us/electric-transmission-projects/erwin-fayetteville-reliability-project,https://ourgridfuture.org/
R-0168,P-0143,Expanse - Tredway 138 kV Line,,Oncor,Planning,2026,yes,Texas,Expanse,Tredway,32.460687,-101.73785,named_endpoint_midpoint,2,Expanse; Tredway,https://www.ercot.com/files/docs/2024/10/15/EIR_ONCOR_Tredway_Scope_OCT.pdf,https://ourgridfuture.org/
R-0169,P-0144,Farmwell to Nimbus 230 kV Line,,Dominion Energy,"Engineering, design, and routing",2026,yes,Virginia,Farmwell,Nimbus,39.013894,-77.466514,named_endpoint_midpoint,2,Farmwell; Nimbus,https://www.scc.virginia.gov/consumers/public-utility/electricity-faqs/transmission-line-projects/,https://ourgridfuture.org/
R-0170,P-0145,Four Corners to Cholla to Pinnacle Peak 345kV Line Rebuilds,,Arizona Public Service,Planning,2035,yes,"Arizona, New Mexico",Pinnacle Peak SRP,Four Corners,34.938625,-110.304222,one_linked_substation,1,Cholla,http://www.oasis.oati.com/AZPS/AZPSdocs/FC_TSR_Facilities_Study_-_Final_20180717.pdf,https://ourgridfuture.org/
R-0171,P-0146,FPP Yard 2 - Lytton Springs Transmission Line Overhaul,,Lower Colorado River Authority,Planning,2026,yes,Texas,Fayette Plant #2,Lytton Springs,29.913563,-96.756179,one_named_endpoint,1,Fayette Plant #2,https://www.ercot.com/gridinfo/planning,https://ourgridfuture.org/
R-0173,P-0148,French Camp Reinforcement,,Pacific Gas and Electric Company (PG&E),Planning,2030,yes,California,French Camp (CA),NA - line interconnection,37.882118,-121.290404,one_linked_substation,1,French Camp,https://www.caiso.com/documents/iso-board-approved-2023-2024-transmission-plan.pdf,https://ourgridfuture.org/
R-0174,P-0149,Furnace Run - Conastone 230 kV,,Transource Energy,On hold,2023,yes,"Maryland, Pennsylvania",Furnace Run,Conastone,39.847133,-76.444175,one_named_endpoint,1,Furnace Run,https://www.pjm.com/planning/m/project-construction,https://ourgridfuture.org/
R-0175,P-0150,Gateway Central,Segment C Limber to Terminal 345 kV,PacifiCorp,Permitting,2030,yes,Utah,Limber,Terminal,40.494814,-112.502013,one_named_endpoint,1,Limber,https://www.pacificorp.com/transmission/transmission-projects/energy-gateway/gateway-central.html,https://ourgridfuture.org/
R-0176,P-0150,Gateway Central,Segment C Limber to Oquirrh 345 kV Upgrade Connection,PacifiCorp,Permitting,2030,yes,Utah,Limber,NA - Line interconnection,40.494814,-112.502013,one_named_endpoint,1,Limber,https://www.pacificorp.com/transmission/transmission-projects/energy-gateway/gateway-central.html,https://ourgridfuture.org/
R-0177,P-0150,Gateway Central,Segment C Limber to Tooele 138 kV,PacifiCorp,Permitting,2030,yes,Utah,Limber,Tooele,40.505077,-112.399166,named_endpoint_midpoint,2,Limber; Tooele,https://www.pacificorp.com/transmission/transmission-projects/energy-gateway/gateway-central.html,https://ourgridfuture.org/
R-0178,P-0150,Gateway Central,Segment C Limber to Clover 500 kV Upgrade Connection,PacifiCorp,Permitting,2030,yes,Utah,Limber,NA - Line interconnection,40.494814,-112.502013,one_named_endpoint,1,Limber,https://www.pacificorp.com/transmission/transmission-projects/energy-gateway/gateway-central.html,https://ourgridfuture.org/
R-0192,P-0156,Golden Valley 230 kV,,UniSource Energy Services,Permitting,2030,yes,Arizona,McConnico,Mineral Park,35.228658,-114.145333,named_endpoint_midpoint,2,McConnico; Mineral Park,https://www.uesaz.com/golden-valley/,https://ourgridfuture.org/
R-0194,P-0158,Grain Belt Express,,Invenergy,Permitting,2028,yes,"Illinois, Indiana, Kansas, Missouri",Not specified,Not specified,39.173023,-92.080028,two_linked_substations_midpoint,2,McCredie; Middle Grove,https://grainbeltexpress.com/,https://ourgridfuture.org/
R-0197,P-0161,Greenlink West,,NV Energy,Construction,2027,yes,Nevada,Mira Loma (NV),Harry Allen (230kV),36.425616,-114.903973,one_named_endpoint,1,Harry Allen (230kV),https://www.nvenergy.com/cleanenergy/greenlink-nevada,https://ourgridfuture.org/
R-0198,P-0162,Greenville - Everetts 230 kV,,Dominion Energy,"Engineering, design, and routing",2026,yes,North Carolina,Greenville (NC),Everetts,35.838238,-77.106265,one_named_endpoint,1,Everetts,https://www.pjm.com/planning/m/project-construction,https://ourgridfuture.org/
R-0199,P-0163,Greenwich - Thalia - Lynnhaven 230 kV Rebuild,,Dominion Energy,Construction,2025,yes,Virginia,Greenwich,Lynnhaven,36.84007,-76.125118,named_endpoint_midpoint,2,Greenwich; Lynnhaven,https://www.dominionenergy.com/projects-and-facilities/electric-projects/power-line-projects/greenwich,https://ourgridfuture.org/
R-0201,P-0165,Grid Forward Central Wisconsin Transmission Line Project,Upgrade,American Transmission Company (ATC),Permitting,2030,yes,Wisconsin,Tremval,Columbia (WI),44.558003,-89.944551,one_linked_substation,1,Arpin,https://atc-gridforward.com/,https://ourgridfuture.org/
R-0202,P-0165,Grid Forward Central Wisconsin Transmission Line Project,New build,American Transmission Company (ATC),Permitting,2030,yes,Wisconsin,Tremval,Columbia,44.558003,-89.944551,one_linked_substation,1,Arpin,https://atc-gridforward.com/,https://ourgridfuture.org/
R-0205,P-0168,Heartland Spirit Connector,,NextEra Energy,"Engineering, design, and routing",2032,yes,"Arkansas, Colorado, Kansas, Oklahoma",Not yet determined,Not yet determined,35.070413,-93.806131,two_linked_substations_midpoint,2,Pecan Creek; White Bluff,https://www.nexteraenergytransmission.com/heartland-spirit-connector.html,https://ourgridfuture.org/
R-0209,P-0172,Hertel - New York Interconnection,,Hydro-Quebec,Construction,2026,yes,New York,Hertel,Not specified - interconnection at US Canada border,45.409187,-73.428574,one_named_endpoint,1,Hertel,https://www.hydroquebec.com/projects/hertel-new-york-interconnection/,https://ourgridfuture.org/
R-0217,P-0180,Hyde Park to Downtown Ckt.32A Upgrades,,CenterPoint Energy,Planning,2026,yes,Texas,Hyde Park,Downtown,29.751645,-95.379153,named_endpoint_midpoint,2,Hyde Park; Downtown,https://www.ercot.com/gridinfo/planning,https://ourgridfuture.org/
R-0220,P-0183,Jackson Road to Cedar Grove 230 kV Line,,PSEG,Construction,2028,yes,New Jersey,Jackson Road,Cedar Grove,40.887007,-74.231331,named_endpoint_midpoint,2,Jackson Road; Cedar Grove,https://www.pjm.com/planning/m/project-construction,https://ourgridfuture.org/
R-0221,P-0184,Jamestown to Ellendale (JETx),,"Otter Tail Power Company, Montana-Dakota Utilities",Permitting,2028,yes,North Dakota,Jamestown,Ellendale,47.028541,-98.680839,one_named_endpoint,1,Jamestown,https://jamestowntoellendale.com/,https://ourgridfuture.org/
R-0223,P-0186,Jeanetta Auto Upgrades,,CenterPoint Energy,Planning,2026,yes,Texas,Clodine,Roark,29.670393,-95.590954,named_endpoint_midpoint,2,Clodine; Roark,https://www.ercot.com/gridinfo/planning,https://ourgridfuture.org/
R-0224,P-0187,Jeffress 230 kV Project,,Dominion Energy,Permitting,2027,yes,Virginia,Finneywood,Jeffress,36.738599,-78.485573,named_endpoint_midpoint,2,Finneywood; Jeffress,https://www.dominionenergy.com/projects-and-facilities/electric-projects/power-line-projects/jeffress,https://ourgridfuture.org/
R-0226,P-0189,John Amos - Welton Spring - Rocky Point 765 kV Line,,APS,"Engineering, design, and routing",2029,yes,"Maryland, Virginia, West Virginia",John Amos,Rocky Point,39.248389,-77.498689,one_named_endpoint,1,Rocky Point,https://www.pjm.com/planning/m/project-construction,https://ourgridfuture.org/
R-0227,P-0190,Johnnie Corner - Beatty Upgrade Project,,GridLiance West,Permitting,2027,yes,Nevada,Johnnie Corner,Beatty,36.668051,-116.41967,named_endpoint_midpoint,2,Johnnie Corner; Beatty,https://www.gridliancewest.com/transmission-upgrades/johnnie-corner-beatty-upgrade.html,https://ourgridfuture.org/
R-0228,P-0191,Jojoba to Rudd 500kV line,,Arizona Public Service,Planning,2032,yes,Arizona,Jojoba,Rudd,33.409892,-112.31716,one_named_endpoint,1,Rudd,https://www.westernpowerpool.org/private-media/documents/WestTEC_10-year_Full_Report.pdf,https://ourgridfuture.org/
R-0229,P-0192,Joshua Falls - Yeat 765 kV Line,,"AEP, Dominion Energy","Engineering, design, and routing",2029,yes,Virginia,Joshua Falls,Yeat,37.425394,-79.036212,one_named_endpoint,1,Joshua Falls,https://www.pjm.com/planning/m/project-construction,https://ourgridfuture.org/
R-0232,P-0195,Ladysmith - Lee's Hill 230 kV Project,Rebuild,Dominion Energy,"Engineering, design, and routing",2028,yes,Virginia,Ladysmith,Slabtown,38.224565,-77.473778,one_named_endpoint,1,Slabtown,https://www.dominionenergy.com/projects-and-facilities/electric-projects/power-line-projects/ladysmith-lees-hill,https://ourgridfuture.org/
R-0233,P-0195,Ladysmith - Lee's Hill 230 kV Project,Reconductor,Dominion Energy,"Engineering, design, and routing",2028,yes,Virginia,Ladysmith,Slabtown,38.224565,-77.473778,one_named_endpoint,1,Slabtown,https://www.dominionenergy.com/projects-and-facilities/electric-projects/power-line-projects/ladysmith-lees-hill,https://ourgridfuture.org/
R-0234,P-0195,Ladysmith - Lee's Hill 230 kV Project,Rebuild and reconductor,Dominion Energy,"Engineering, design, and routing",2028,yes,Virginia,Ladysmith,Slabtown,38.224565,-77.473778,one_named_endpoint,1,Slabtown,https://www.dominionenergy.com/projects-and-facilities/electric-projects/power-line-projects/ladysmith-lees-hill,https://ourgridfuture.org/
R-0235,P-0196,Laguna Bell - Mesa No. 1 230 kV Line Rating Increase,,Southern California Edison,Planning,2024,yes,California,Laguna Bell,Mesa,33.976077,-118.1477,one_named_endpoint,1,Laguna Bell,https://www.caiso.com/documents/iso-board-approved-2023-2024-transmission-plan.pdf,https://ourgridfuture.org/
R-0236,P-0197,Lake Creek - Rattlesnake Road 345 kV Line,,Oncor,Planning,2026,yes,Texas,Lake Creek,Sandy Creek (Rattlesnake Road),31.470817,-96.972756,named_endpoint_midpoint,2,Lake Creek; Sandy Creek (Rattlesnake Road),https://www.ercot.com/gridinfo/planning,https://ourgridfuture.org/
R-0241,P-0200,Langley 230 kV Substation Project,,Dominion Energy,Permitting,2025,yes,Virginia,Langley,Peninsula,37.091085,-76.390975,named_endpoint_midpoint,2,Langley; Peninsula,https://www.dominionenergy.com/projects-and-facilities/electric-projects/power-line-projects/langley,https://ourgridfuture.org/
R-0243,P-0202,Larrabee Collector Station - Larrabee 230 kV,,Jersey Central Power & Light,"Engineering, design, and routing",2026,yes,New Jersey,Larrabee Collector Station,Larrabee,40.113291,-74.186861,one_named_endpoint,1,Larrabee Collector Station,https://www.firstenergycorp.com/content/dam/corporate/transmission/Larabee-Larabee-Collector-Station-NJCEC-fact-sheet.pdf,https://ourgridfuture.org/
R-0244,P-0203,Lawton - Lone Grove Transmission Rebuild Project,,Public Service Company of Oklahoma,"Engineering, design, and routing",2029,yes,Oklahoma,Lawton East Side,Sunnyside,34.603768,-98.314725,one_named_endpoint,1,Lawton East Side,https://www.aeptransmission.com/oklahoma/Lawton-LoneGrove/,https://ourgridfuture.org/
R-0245,P-0204,Leland Olds Station to Tande,,Basin Electric Power Cooperative,Construction,2026,yes,North Dakota,Leland Olds,Tande,47.282703,-101.317508,one_named_endpoint,1,Leland Olds,https://www.basinelectric.com/about-us/transmission/Leland-Olds-to-Tande-transmission-project,https://ourgridfuture.org/
R-0248,P-0207,Lone Grove - Kiowa Transmission Line Rebuild Project,,Public Service Company of Oklahoma,Construction,2025,yes,Oklahoma,Pittsburg,Sunnyside,34.692656,-95.922255,one_named_endpoint,1,Pittsburg,https://www.aeptransmission.com/oklahoma/LoneGrove-Kiowa/,https://ourgridfuture.org/
R-0266,P-0225,Bell Center–Columbia–Sugar Creek–IL/WI State Line 765 kV,765 kV (initial concept),"Transource Energy, Berkshire Hathaway Energy",Planning,2034,yes,Wisconsin,Bell Center,Sugar Creek,43.286923,-90.824316,one_linked_substation,1,DPC Bell Center,https://www.misoenergy.org/planning/transmission-planning/mtep/#t=10&p=0&s=&sd=,https://ourgridfuture.org/
R-0279,P-0238,Lufkin Switch - Redland Switch 345 kV Line,,Oncor,Planning,2025,yes,Texas,Lufkin Switch,Redland Switch,31.370149,-94.768609,one_named_endpoint,1,Lufkin Switch,https://www.ercot.com/gridinfo/planning,https://ourgridfuture.org/
R-0289,P-0245,Manning 500/230 kV Substation Project,,LS Power Grid California,Permitting,2028,yes,California,Manning,Tranquility,36.59171,-120.4031,one_named_endpoint,1,Tranquility,https://www.lspgridcalifornia.com/manning/,https://ourgridfuture.org/
R-0290,P-0246,Marion - Levy - Alachua Reliability Projects,,Duke Energy,Construction,2027,yes,Florida,Archer,Silver Springs North,29.229345,-82.078411,one_named_endpoint,1,Silver Springs North,https://www.duke-energy.com/our-company/about-us/electric-transmission-projects/marion-levy-alachua,https://ourgridfuture.org/
R-0293,P-0249,Martins Creek - Monroe 230 kV Line,,PPL Electric Utilities,"Engineering, design, and routing",2028,yes,Pennsylvania,Martins Creek,Monroe (PA),40.800382,-75.108576,one_named_endpoint,1,Martins Creek,https://www.pjm.com/planning/m/project-construction,https://ourgridfuture.org/
R-0295,P-0251,Mayo - Person Transmission Line Upgrade Project,,Duke Energy,"Engineering, design, and routing",2025,yes,North Carolina,Mayo,Person,36.502972,-78.970133,named_endpoint_midpoint,2,Mayo; Person,https://www.duke-energy.com/-/media/pdfs/our-company/230900-may-person-route-map.pdf?rev=1f623ef48db24927ada782cb782ae280,https://ourgridfuture.org/
R-0300,P-0254,Merrill Road to Larrabee Road,,Central Maine Power Company,Construction,2025,yes,Maine,Merrill Road,Larrabee Road,44.141112,-70.186043,one_named_endpoint,1,Larrabee Road,https://www.iso-ne.com/system-planning/system-plans-studies/rsp/rsp-project-list-and-the-asset-condition-list,https://ourgridfuture.org/
R-0303,P-0257,Midway - Kern 230 kV Line,,Pacific Gas and Electric Company (PG&E),Planning,2027,yes,California,Midway (CA),Kern,35.379404,-119.097086,one_named_endpoint,1,Kern,https://www.caiso.com/documents/iso-board-approved-2023-2024-transmission-plan.pdf,https://ourgridfuture.org/
R-0304,P-0258,Miguel-Sycamore Canyon Loop-in to Suncrest,,San Diego Gas & Electric (SDG&E),Planning,2032,yes,California,Suncrest,NA -- line interconnection,32.80836,-116.683291,one_named_endpoint,1,Suncrest,https://www.caiso.com/documents/iso-board-approved-2023-2024-transmission-plan.pdf,https://ourgridfuture.org/
R-0305,P-0259,Minco - Pleasant Valley - Draper 345 kV,,Oklahoma Gas and Electric,Construction,2025,yes,Oklahoma,Minco,Draper,35.331981,-97.329065,one_named_endpoint,1,Draper,https://www.nexteraenergytransmission.com/subsidiaries/neetsw/projects/mpvd.html,https://ourgridfuture.org/
R-0307,P-0261,Mira Loma - Mesa Upgrade,,Southern California Edison,Planning,2026,yes,California,Mira Loma (CA),Mesa,34.008338,-117.564285,one_linked_substation,1,Mira Loma,https://www.caiso.com/documents/iso-board-approved-2023-2024-transmission-plan.pdf,https://ourgridfuture.org/
R-0309,P-0263,MN Energy Connection Route Options,,Xcel Energy,Permitting,2028,yes,Minnesota,Sherburne County,Garvin,44.230548,-95.749709,one_named_endpoint,1,Garvin,https://xcelenergytransmission.com/projects/mn-energy-connection/,https://ourgridfuture.org/
R-0310,P-0264,Moody to Stewart Ckt.63 Upgrades P1041,,CenterPoint Energy,Planning,2025,yes,Texas,Moody REIT,Stewart,29.244169,-94.882027,named_endpoint_midpoint,2,Moody REIT; Stewart,https://www.ercot.com/gridinfo/planning,https://ourgridfuture.org/
R-0313,P-0266,Moraga-Castro Valley 230 kV Line Capacity Increase,,Pacific Gas and Electric Company (PG&E),Planning,2026,yes,California,Moraga,Castro Valley Tap,37.770597,-122.101715,named_endpoint_midpoint,2,Moraga; Castro Valley Tap,https://www.caiso.com/documents/iso-board-approved-2023-2024-transmission-plan.pdf,https://ourgridfuture.org/
R-0314,P-0267,Morgan Hill Area Reinforcement,,Pacific Gas and Electric Company (PG&E),Planning,2029,yes,California,Morgan Hill,NA -- line interconnection,37.126669,-121.658915,one_named_endpoint,1,Morgan Hill,https://www.caiso.com/documents/iso-board-approved-2023-2024-transmission-plan.pdf,https://ourgridfuture.org/
R-0319,P-0272,Mt. Storm - Valley 500 kV Rebuild,,Dominion Energy,Complete,2023,yes,"Virginia, West Virginia",Mount Storm,Valley (VA),39.202995,-79.271577,one_named_endpoint,1,Mount Storm,https://www.dominionenergy.com/projects-and-facilities/electric-projects/power-line-projects/mtstorm-valley,https://ourgridfuture.org/
R-0320,P-0273,Murphy - Orr Road 345 kV,,Michigan Electric Transmission Company,,2026,yes,Michigan,Murphy,Orr Road,43.43622,-84.19059,named_endpoint_midpoint,2,Murphy; Orr Road,https://www.misoenergy.org/planning/transmission-planning/mtep/#t=10&p=0&s=&sd=,https://ourgridfuture.org/
R-0322,P-0275,Nebula - Raines 230 kV Route Options,,Dominion Energy,"Engineering, design, and routing",2029,yes,Virginia,Cloud,Raines,36.684201,-78.243698,named_endpoint_midpoint,2,Cloud; Raines,https://www.dominionenergy.com/projects-and-facilities/electric-projects/power-line-projects/nebula-raines,https://ourgridfuture.org/
R-0326,P-0279,New England Clean Power Link,,TDI New England,On Hold,2027,yes,"New York, Vermont",Monteregie,Coolidge,44.46394,-72.686705,named_endpoint_midpoint,2,Monteregie; Coolidge,http://www.necplink.com/schedule.php,https://ourgridfuture.org/
R-0327,P-0280,New Humboldt to Collinsville 500 kV Line,,Pacific Gas and Electric Company (PG&E),Planning,2034,yes,California,Humboldt 500kV,Collinsville,38.081079,-121.83661,one_named_endpoint,1,Collinsville,https://www.caiso.com/documents/iso-board-approved-2023-2024-transmission-plan.pdf,https://ourgridfuture.org/
R-0328,P-0281,New Humboldt to Fern Road 500 kV Line,,Pacific Gas and Electric Company (PG&E),Planning,2034,yes,California,Humboldt 500kV,Fern Road,40.694135,-123.048436,named_endpoint_midpoint,2,Humboldt 500kV; Fern Road,https://www.caiso.com/documents/iso-board-approved-2023-2024-transmission-plan.pdf,https://ourgridfuture.org/
R-0333,P-0285,Nokesville - Hornbaker 230 kV Line,,Dominion Energy,"Engineering, design, and routing",2029,yes,Virginia,Nokesville,Hornbaker,38.691243,-77.595863,one_named_endpoint,1,Nokesville,https://www.pjm.com/planning/m/project-construction,https://ourgridfuture.org/
R-0336,P-0288,North Central Florida Upgrade Project,,Duke Energy,"Engineering, design, and routing",2028,yes,Florida,Hamilton Solar,Killearn Tap,30.516238,-83.719945,named_endpoint_midpoint,2,Hamilton Solar; Killearn Tap,https://duke-energy-maps.com/,https://ourgridfuture.org/
R-0337,P-0289,North Dakota/Saskatchewan Border (Tableland) - Tande 230 kV Ckt 1,,Basin Electric Power Cooperative,,2027,yes,North Dakota,US/Canada border (connection location),Tande,49.043341,-103.175289,one_linked_substation,1,Tableland,https://www.basinelectric.com/about-us/transmission/Tande-Wheelock-Saskatchewan,https://ourgridfuture.org/
R-0338,P-0290,North Dakota/Saskatchewan Border (Tableland) - Wheelock 230 kV Ckt 1,,Basin Electric Power Cooperative,,2027,yes,North Dakota,US/Canada border (connection location),Wheelock,48.340179,-103.305752,one_named_endpoint,1,Wheelock,https://www.basinelectric.com/about-us/transmission/Tande-Wheelock-Saskatchewan,https://ourgridfuture.org/
R-0340,P-0292,North Dublin - Vineyard 230 kV Reconductoring,,Pacific Gas and Electric Company (PG&E),,2034,yes,California,North Dublin,Vineyard Tap,37.706981,-121.855998,named_endpoint_midpoint,2,North Dublin; Vineyard Tap,https://www.caiso.com/documents/iso-board-approved-2023-2024-transmission-plan.pdf,https://ourgridfuture.org/
R-0341,P-0293,North Gila - Imperial Valley 500 kV Line,,San Diego Gas & Electric (SDG&E),Planning,2032,yes,"Arizona, California",North Gila,Imperial Valley (B),32.746103,-114.49103,one_named_endpoint,1,North Gila,https://stakeholdercenter.caiso.com/InitiativeDocuments/Appendix-H-Board-Approved-2022-2023-Transmission-Plan.pdf,https://ourgridfuture.org/
R-0349,P-0301,North Plains Connector,500 DC,Grid United,Permitting,2032,yes,"Montana, North Dakota",Colstrip,,46.766987,-100.992966,two_linked_substations_midpoint,2,Center 345kV Switchyard; St. Anthony,https://northplainsconnector.com/,https://ourgridfuture.org/
R-0350,P-0301,North Plains Connector,345 AC,Grid United,Permitting,2032,yes,North Dakota,Colstrip,Center 345kV Switchyard,47.07619,-101.199282,one_named_endpoint,1,Center 345kV Switchyard,https://northplainsconnector.com/,https://ourgridfuture.org/
R-0354,P-0303,Northern Missouri Grid Transformation Program,Fairport-Denny-Iowa/Missouri Border Project,Ameren Illinois,Permitting,2028,yes,Missouri,Fairport,NA - IA/MO State Border (connection location),40.00642,-94.343012,one_named_endpoint,1,Fairport,https://www.ameren.com/company/ameren-transmission/northern-missouri-grid,https://ourgridfuture.org/
R-0356,P-0303,Northern Missouri Grid Transformation Program,Denny-Zachary-Thomas Hill-Maywood Project,Ameren,Permitting,2029,yes,Missouri,Denny,Maywood,40.011251,-94.353928,one_named_endpoint,1,Denny,https://www.ameren.com/company/ameren-transmission/northern-missouri-grid,https://ourgridfuture.org/
R-0357,P-0304,Northern San Joaquin 230 kV Transmission Project,,Pacific Gas and Electric Company (PG&E),Permitting,2029,yes,California,Thurman,NA- line interconnection,38.127545,-121.253087,one_named_endpoint,1,Thurman,https://www.pge.com/en/about/pge-systems/electric-systems/northern-san-joaquin.html,https://ourgridfuture.org/
R-0358,P-0305,Northland Reliability Project,Segment 2b: Replace existing lines,"Great River Energy, Minnesota Power",Permitting,2030,yes,Minnesota,Benton,Sherco,45.568852,-94.038439,one_named_endpoint,1,Benton,https://northlandreliabilityproject.com/,https://ourgridfuture.org/
R-0359,P-0305,Northland Reliability Project,Segment 2a: Replace existing lines,"Great River Energy, Minnesota Power",Permitting,2030,yes,Minnesota,Benton,Big Oaks,45.568852,-94.038439,one_named_endpoint,1,Benton,https://northlandreliabilityproject.com/,https://ourgridfuture.org/
R-0360,P-0305,Northland Reliability Project,Segment 1: New double circuit 345 kV line,"Great River Energy, Minnesota Power",Permitting,2030,yes,Minnesota,Iron Range,Benton,45.568852,-94.038439,one_named_endpoint,1,Benton,https://northlandreliabilityproject.com/,https://ourgridfuture.org/
R-0361,P-0306,Ocean Wind BL England to Oyster Creek,,"Orsted Wind Power North America, Public Service Enterprise Group Renewable Generation LLC",Construction,2025,yes,New Jersey,BL England,Oyster Creek,39.289863,-74.636099,one_named_endpoint,1,BL England,https://dep.nj.gov/wp-content/uploads/offshorewind/docs/ocean-wind-1/njdep-oceanwindone-20-w01-wfd-cafra-and-coastal-wetlands-application-narrative.pdf,https://ourgridfuture.org/
R-0362,P-0307,Oceanview - Atlantic - Larrabee - Smithburg 230 kV Upgrade,,Jersey Central Power & Light,"Engineering, design, and routing",2030,yes,New Jersey,Oceanview,Smithburg,40.22099,-74.045889,one_named_endpoint,1,Oceanview,https://www.pjm.com/planning/m/project-construction,https://ourgridfuture.org/
R-0365,P-0310,Oquirrh to Terminal Transmission Line Project,,PacifiCorp,Complete,2024,yes,Utah,Oquirrh,Terminal,40.564561,-112.028068,one_named_endpoint,1,Oquirrh,https://www.pacificorp.com/transmission/transmission-projects/oquirrh-to-terminal.html,https://ourgridfuture.org/
R-0367,P-0312,Orlando St. Cloud Resiliency Connection,,Orlando Utilities Commission,Construction,2025,yes,Florida,Magnolia Ranch North,St. Cloud East,28.320313,-81.196035,named_endpoint_midpoint,2,Magnolia Ranch North; St. Cloud East,https://www.ouc.com/resiliencyconnection#resources,https://ourgridfuture.org/
R-0368,P-0313,Osprey to Haines City 230 kV Line,,Duke Energy,Construction,2023,yes,Florida,Osprey,Haines City East,28.11978,-81.552183,one_named_endpoint,1,Haines City East,https://www.duke-energy.com/our-company/about-us/electric-transmission-projects/polk-county/osprey-to-haines-city,https://ourgridfuture.org/
R-0369,P-0314,Osprey to Kathleen 230 kV Line,,Duke Energy,Construction,2025,yes,Florida,Osprey,Kathleen,28.226723,-82.026802,one_named_endpoint,1,Kathleen,https://www.duke-energy.com/our-company/about-us/electric-transmission-projects/polk-county/osprey-to-kathleen,https://ourgridfuture.org/
R-0373,P-0318,Palo Verde to Pinal West 500 kV transmission project,Palo Verde to Pinal West 500 kV #2,Salt River Project (SRP),Permitting,2034,yes,Arizona,Hassayampa,Pinal West,33.171587,-112.524264,named_endpoint_midpoint,2,Hassayampa; Pinal West,https://www.srpnet.com/grid-water-management/grid-management/improvement-projects/palo-verde-pinal-west,https://ourgridfuture.org/
R-0374,P-0319,Pardee - Sylmar 230 kV Line Rating Increase,,Southern California Edison,Planning,2027,yes,California,Pardee,Sylmar West,34.375388,-118.53553,named_endpoint_midpoint,2,Pardee; Sylmar West,https://www.caiso.com/documents/iso-board-approved-2023-2024-transmission-plan.pdf,https://ourgridfuture.org/
R-0376,P-0321,Pinnacle Peak - Rogers 230kV Restoration Project,,Western Area Power Administration,Complete,2024,yes,Arizona,Pinnacle Peak SRP,Rogers,33.424981,-111.799836,one_named_endpoint,1,Rogers,https://www.wapa.gov/wp-content/uploads/2023/04/DSW-PPK-RGS-Presentation-10-13-22.pdf,https://ourgridfuture.org/
R-0378,P-0323,Power Santa Clara Valley,320 kV Segment,LS Power Grid California,Permitting,2028,yes,California,Grove,Skyline,37.277028,-121.817569,named_endpoint_midpoint,2,Grove; Skyline,https://powerthebay.com/en/about-the-projects/#projects,https://ourgridfuture.org/
R-0379,P-0323,Power Santa Clara Valley,500 kV Segment,LS Power Grid California,Permitting,2028,yes,California,Metcalf,Grove,37.214072,-121.734338,one_named_endpoint,1,Grove,https://powerthebay.com/en/about-the-projects/#projects,https://ourgridfuture.org/
R-0380,P-0324,Power the South Bay,,LS Power Grid California,Permitting,2028,yes,California,Albrae,North Receiving Station,37.5046,-121.990205,one_named_endpoint,1,Albrae,https://www.lspgridcalifornia.com/newark/,https://ourgridfuture.org/
R-0382,P-0326,Propel NY Energy,138kV,"The New York Power Authority (NYPA), New York Transco (NY Transco)",,2030,yes,New York,Shore Road,Syosset,40.829822,-73.562902,named_endpoint_midpoint,2,Shore Road; Syosset,https://www.propelnyenergy.com/,https://ourgridfuture.org/
R-0383,P-0326,Propel NY Energy,345kV,"The New York Power Authority (NYPA), New York Transco (NY Transco)",Planning,2030,yes,New York,Sprain Brook,E F Barrett,40.7877,-73.752171,named_endpoint_midpoint,2,Sprain Brook; E F Barrett,https://www.propelnyenergy.com/,https://ourgridfuture.org/
R-0387,P-0331,Raun - S3452,345 kV (JTIQ),Omaha Public Power District,"Engineering, design, and routing",2032,yes,"Iowa, Nebraska",Raun,S3452,41.50926,-96.107466,one_named_endpoint,1,S3452,https://www.spp.org/documents/71208/jtiq%20revision%20request%20kickoff%20022624%20final.pdf,https://ourgridfuture.org/
R-0388,P-0332,Ready Wyoming,,Black Hills Energy,Construction,2025,yes,"Nebraska, Wyoming",Windstar,Stegall (Scotts Bluff County),41.819513,-103.942528,one_named_endpoint,1,Stegall (Scotts Bluff County),https://www.blackhillsenergy.com/ready-wyoming,https://ourgridfuture.org/
R-0390,P-0334,Rebuild and reconductor Armstrong - Homer City 345 kV Line,,Penelec,"Engineering, design, and routing",2029,yes,Pennsylvania,FirstEnergy Armstrong Power Station,Homer City,40.722667,-79.329651,named_endpoint_midpoint,2,FirstEnergy Armstrong Power Station; Homer City,https://www.pjm.com/planning/m/project-construction,https://ourgridfuture.org/
R-0392,P-0336,Rebuild Bristers - Morrisville 500 kV Line,,Dominion Energy,"Engineering, design, and routing",2028,yes,Virginia,Bristers,Morrisville (VA),38.563121,-77.595541,one_named_endpoint,1,Bristers,https://www.pjm.com/planning/m/project-construction,https://ourgridfuture.org/
R-0393,P-0337,Rebuild Brunner Island - South Manheim 230 kV Line,,PPL Electric Utilities,"Engineering, design, and routing",2033,yes,Pennsylvania,Brunner Island,South Manheim,40.120451,-76.533543,named_endpoint_midpoint,2,Brunner Island; South Manheim,https://www.pjm.com/planning/m/project-construction,https://ourgridfuture.org/
R-0394,P-0338,Rebuild Cardiff - New Freedom 230 kV,,AEC,"Engineering, design, and routing",2029,yes,New Jersey,Cardiff,New Freedom,39.584669,-74.79164,named_endpoint_midpoint,2,Cardiff; New Freedom,https://www.pjm.com/planning/m/project-construction,https://ourgridfuture.org/
R-0399,P-0343,Rebuild Charlottesville - Proffit 230 kV Line,,Dominion Energy,"Engineering, design, and routing",2028,yes,Virginia,Charlottesville,Proffit,38.118576,-78.415379,one_named_endpoint,1,Proffit,https://www.pjm.com/planning/m/project-construction,https://ourgridfuture.org/
R-0401,P-0345,Rebuild Conesville - Bixby 345 kV,,AEP,"Engineering, design, and routing",2032,yes,Ohio,Conesville Station,Bixby,39.871308,-82.900249,one_named_endpoint,1,Bixby,https://www.pjm.com/planning/m/project-construction,https://ourgridfuture.org/
R-0404,P-0348,Rebuild Earleys - Suffolk 230 kV Line,,Dominion Energy,"Engineering, design, and routing",2028,yes,"North Carolina, Virginia",Earleys,Suffolk,36.256403,-77.079404,one_named_endpoint,1,Earleys,https://www.pjm.com/planning/m/project-construction,https://ourgridfuture.org/
R-0408,P-0352,Rebuild Gore - Stonewall 138 kV with 500 kV Overbuild,,APS,"Engineering, design, and routing",2028,yes,Virginia,Gore,Stonewall,39.276203,-78.364642,one_named_endpoint,1,Gore,https://www.pjm.com/planning/m/project-construction,https://ourgridfuture.org/
R-0409,P-0353,Rebuild Hollymeade - Cash's Corner 230 kV Line,,Dominion Energy,"Engineering, design, and routing",2028,yes,Virginia,Hollymeade,Cash's Corner,38.12734,-78.433773,one_named_endpoint,1,Hollymeade,https://www.pjm.com/planning/m/project-construction,https://ourgridfuture.org/
R-0410,P-0354,Rebuild Hornertown - Hathaway 230 kV,,Dominion Energy,Construction,2026,yes,North Carolina,Hornertown,Hathaway,36.44599,-77.659058,one_named_endpoint,1,Hornertown,https://www.dominionenergy.com/projects-and-facilities/electric-projects/power-line-projects/hornertown---hathaway,https://ourgridfuture.org/
R-0411,P-0355,Rebuild Hunterstown - Carroll to 230 kV,,APS,Construction,2028,yes,"Maryland, Pennsylvania",Hunterstown,Carroll,39.71689,-77.17344,named_endpoint_midpoint,2,Hunterstown; Carroll,https://solutions.aecomonline.net/Carroll-Hunterstown/?page=Page,https://ourgridfuture.org/
R-0412,P-0356,Rebuild Kincaid - Pana 345 kV,,Commonwealth Edison,"Engineering, design, and routing",2026,yes,Illinois,Kincaid Station,Pana,39.502533,-89.300465,named_endpoint_midpoint,2,Kincaid Station; Pana,https://www.pjm.com/planning/m/project-construction,https://ourgridfuture.org/
R-0415,P-0359,Rebuild Lanexa - Northern Neck 230 kV Line,,Dominion Energy,Complete,2024,yes,Virginia,L:anexa,Northern Neck,37.948478,-76.71204,one_named_endpoint,1,Northern Neck,https://www.dominionenergy.com/projects-and-facilities/electric-projects/power-line-projects/line-224,https://ourgridfuture.org/
R-0417,P-0361,Rebuild Loudon - Morrisville 500 kV Line,,Dominion Energy,"Engineering, design, and routing",2030,yes,Virginia,Loudon,Morrisville (VA),38.894132,-77.564547,one_named_endpoint,1,Loudon,https://www.pjm.com/planning/m/project-construction,https://ourgridfuture.org/
R-0418,P-0362,Rebuild Midlothian - North Anna 500 kV Line,,Dominion Energy,"Engineering, design, and routing",2032,yes,Virginia,Midlothian,North Anna,38.061292,-77.797216,one_named_endpoint,1,North Anna,https://www.pjm.com/planning/m/project-construction,https://ourgridfuture.org/
R-0422,P-0366,Rebuild Pawnee to Tango into a double circuit,,CPS Energy,Planning,2029,yes,Texas,Pawnee,Tango,28.697911,-98.000027,named_endpoint_midpoint,2,Pawnee; Tango,https://www.ercot.com/gridinfo/planning,https://ourgridfuture.org/
R-0423,P-0367,Rebuild Peach Bottom - Conastone 500 kV,,"Portland General Electric, PECO",Construction,2030,yes,"Maryland, Pennsylvania",Peach Bottom,Conastone,39.752831,-76.267212,one_named_endpoint,1,Peach Bottom,https://www.pjm.com/planning/m/project-construction,https://ourgridfuture.org/
R-0424,P-0368,Rebuild Septa - Yadkin 500 kV,,Virginia Electric & Power Company,"Engineering, design, and routing",2028,yes,Virginia,Septa,Yadkin,37.014744,-76.738663,one_named_endpoint,1,Septa,https://www.pjm.com/planning/m/project-construction,https://ourgridfuture.org/
R-0427,P-0371,Rebuild Sorenson - Desoto 345 kV Line,,AEP,"Engineering, design, and routing",2028,yes,Indiana,Sorenson,Desoto,40.236771,-85.305672,one_named_endpoint,1,Desoto,https://www.pjm.com/planning/m/project-construction,https://ourgridfuture.org/
R-0428,P-0372,Rebuild Spruce to Eastside Double Circuit,,CPS Energy,Planning,2029,yes,Texas,Calaveras 345 Switchyard (Spruce),Eastside,29.367019,-98.321618,named_endpoint_midpoint,2,Calaveras 345 Switchyard (Spruce); Eastside,https://www.ercot.com/gridinfo/planning,https://ourgridfuture.org/
R-0431,P-0375,Rebuild Thelma - Lakeview 230 kV Line,,Dominion Energy,"Engineering, design, and routing",2029,yes,North Carolina,Thelma,Lakeview,36.485844,-77.740386,named_endpoint_midpoint,2,Thelma; Lakeview,https://www.pjm.com/planning/m/project-construction,https://ourgridfuture.org/
R-0434,P-0378,Reconductor Batavia - Riverside 230 kV Line,,Baltimore Gas and Electric Company (BGE),"Engineering, design, and routing",2027,yes,Maryland,Batavia,Riverside,39.315766,-76.497537,one_named_endpoint,1,Batavia,https://www.pjm.com/planning/m/project-construction,https://ourgridfuture.org/
R-0437,P-0381,Reconductor Cabin Run to Yardley Ridge 230 kV Line,,Dominion Energy,Construction,2026,yes,Virginia,Cabin Run,Yardley Ridge,38.950182,-77.518635,one_named_endpoint,1,Yardley Ridge,https://www.pjm.com/planning/m/project-construction,https://ourgridfuture.org/
R-0440,P-0384,Reconductor Chesterfield - Tyler 230 kV Line,,Dominion Energy,"Engineering, design, and routing",2030,yes,Virginia,Chesterfield,Tyler,37.381197,-77.387192,one_named_endpoint,1,Chesterfield,https://www.pjm.com/planning/m/project-construction,https://ourgridfuture.org/
R-0441,P-0385,Reconductor Conastone - Northwest 230 kV Lines,,Baltimore Gas and Electric Company (BGE),Construction,2027,yes,Maryland,Conastone,Northwest (MD),39.463562,-76.840394,one_linked_substation,1,Northwest,https://www.pjm.com/planning/m/project-construction,https://ourgridfuture.org/
R-0442,P-0386,Reconductor Delevan - Cortina 230 kV Line,,Pacific Gas and Electric Company (PG&E),Planning,2028,yes,California,Delevan,Cortina,39.244492,-122.246372,named_endpoint_midpoint,2,Delevan; Cortina,https://www.caiso.com/documents/iso-board-approved-2023-2024-transmission-plan.pdf,https://ourgridfuture.org/
R-0444,P-0388,Reconductor Elwood - Goodings Grove 345 kV Line,,Commonwealth Edison,On hold,2028,yes,Illinois,Elwood,Goodings Grove,41.531744,-88.024183,named_endpoint_midpoint,2,Elwood; Goodings Grove,https://www.pjm.com/planning/m/project-construction,https://ourgridfuture.org/
R-0447,P-0391,Reconductor Kilmer - Lake Nelson 230 kV Line,,Jersey Central Power & Light,"Engineering, design, and routing",2029,yes,New Jersey,Kilner,Lake Nelson,40.533555,-74.425294,one_linked_substation,1,Kilmer,https://www.pjm.com/planning/m/project-construction,https://ourgridfuture.org/
R-0448,P-0392,Reconductor Lake Nelson - Middlesex 230 kV Line,,Jersey Central Power & Light,"Engineering, design, and routing",2029,yes,New Jersey,Lake Nelson,Middlesex,40.560811,-74.462171,one_named_endpoint,1,Middlesex,https://www.pjm.com/planning/m/project-construction,https://ourgridfuture.org/
R-0451,P-0395,Reconductor Lugo - Victor 230 kV,,Southern California Edison,Planning,2028,yes,California,Lugo,Victor,34.504319,-117.388627,one_named_endpoint,1,Victor,https://www.caiso.com/documents/iso-board-approved-2023-2024-transmission-plan.pdf,https://ourgridfuture.org/
R-0452,P-0396,Reconductor Metuchen - New Dover 230 kV,,PSEG,Construction,2027,yes,New Jersey,Metuchen,New Dover,40.559107,-74.347704,named_endpoint_midpoint,2,Metuchen; New Dover,https://www.pjm.com/planning/m/project-construction,https://ourgridfuture.org/
R-0456,P-0400,Reconductor Paragon Park - BECO 230 kV Line,,Dominion Energy,"Engineering, design, and routing",2027,yes,Virginia,Paragon Park,BECO,39.017166,-77.441036,one_named_endpoint,1,Paragon Park,https://www.pjm.com/planning/m/project-construction,https://ourgridfuture.org/
R-0457,P-0401,Reconductor Pioneer - Liberty 230 kV,,Dominion Energy,Construction,2026,yes,Virginia,Pioneer,Liberty,38.754656,-77.512828,one_named_endpoint,1,Pioneer,https://www.pjm.com/planning/m/project-construction,https://ourgridfuture.org/
R-0458,P-0402,Reconductor Poe - Prince George Line to 230 kV,,Dominion Energy,"Engineering, design, and routing",2030,yes,Virginia,Poe,Prince George,37.256324,-77.294912,one_named_endpoint,1,Prince George,https://www.pjm.com/planning/m/project-construction,https://ourgridfuture.org/
R-0461,P-0405,Reconductor Red Oak - Raritan River A and B 230 kV Lines,,Jersey Central Power & Light,"Engineering, design, and routing",2029,yes,New Jersey,Red Oak Station,Sayreville (Raritan River),40.464235,-74.350329,named_endpoint_midpoint,2,Red Oak Station; Sayreville (Raritan River),https://www.pjm.com/planning/m/project-construction,https://ourgridfuture.org/
R-0462,P-0406,Reconductor Remington CT - Elk Run - Gainesville 230 kV Line,,Dominion Energy,Construction,2026,yes,Virginia,Remington CT,Gainesville,38.543852,-77.769595,one_named_endpoint,1,Remington CT,https://www.pjm.com/planning/m/project-construction,https://ourgridfuture.org/
R-0465,P-0409,Reconductor Vernon - Northfield 345kV,,Vermont Electric Power Company,Planning,2027,yes,"New Hampshire, Vermont",Vernon VT,NA,42.783379,-72.519125,one_named_endpoint,1,Vernon VT,https://www.iso-ne.com/system-planning/system-plans-studies/rsp/rsp-project-list-and-the-asset-condition-list,https://ourgridfuture.org/
R-0469,P-0413,Reconductor/Rebuild Gainesville - Wheeler 230 kV Line,,Dominion Energy,"Engineering, design, and routing",2029,yes,Virginia,Gainesville,Wheeler,38.753081,-77.654227,one_named_endpoint,1,Wheeler,https://www.pjm.com/planning/m/project-construction,https://ourgridfuture.org/
R-0472,P-0416,Rice - Ringgold 230 kV Line,,Transource Energy,"Engineering, design, and routing",2029,yes,"Maryland, Pennsylvania",Rice,Ringgold,39.835767,-77.557318,named_endpoint_midpoint,2,Rice; Ringgold,https://www.pjm.com/planning/m/project-construction,https://ourgridfuture.org/
R-0473,P-0417,Richmond - Waneeta 230 kV,,PECO,"Engineering, design, and routing",2028,yes,Pennsylvania,Richmond,Waneeta,39.996713,-75.096149,named_endpoint_midpoint,2,Richmond; Waneeta,https://www.pjm.com/planning/m/project-construction,https://ourgridfuture.org/
R-0475,P-0419,Riverside Transmission Reliability Project,,"Southern California Edison, Riverside Public Utilities",Construction,2028,yes,California,Not specified - line interconnection,Wildlife,33.965573,-117.445649,one_named_endpoint,1,Wildlife,https://www.riversideca.gov/utilities/projects/current-projects/electric-projects/riverside-transmission-reliability-project-rtrp,https://ourgridfuture.org/
R-0478,P-0422,Roanoke Area Upgrades,,Oncor,Construction,2026,yes,Texas,Ramhorn Hill,Dunham,33.045486,-97.334866,named_endpoint_midpoint,2,Ramhorn Hill; Dunham,https://www.ercot.com/files/docs/2022/08/08/8.2%20Roanoke%20Area%20Upgrades%20RPG%20Project.pdf,https://ourgridfuture.org/
R-0479,P-0423,Robinson Plant - Rockingham Line Upgrade,,Duke Energy,Permitting,2026,yes,"North Carolina, South Carolina",Rockingham,Tap148313,34.774907,-79.80784,named_endpoint_midpoint,2,Rockingham; Tap148313,https://www.duke-energy.com/-/media/pdfs/our-company/231478-robinson-rockingham-230-line-property-map.pdf?rev=e217778ec22b477ea7cbb7f478888d4c,https://ourgridfuture.org/
R-0482,P-0426,Rockhound - Midland East 345 kV Line Rebuild,,Oncor,Planning,2028,yes,Texas,Rockhound,Midland East,32.020259,-102.050795,one_named_endpoint,1,Midland East,https://www.ercot.com/gridinfo/planning,https://ourgridfuture.org/
R-0485,P-0429,Ross Praire to Shaw Transmission Project,,Duke Energy,"Engineering, design, and routing",2026,yes,Florida,Ross Prairie,Red Oak Electric / Shaw,29.075319,-82.222914,named_endpoint_midpoint,2,Ross Prairie; Red Oak Electric / Shaw,https://www.duke-energy.com/our-company/about-us/electric-transmission-projects/ross-prairie-to-shaw,https://ourgridfuture.org/
R-0486,P-0430,Roundup to Kummer Ridge 345 kV Line,,Basin Electric Power Cooperative,Complete,2024,yes,North Dakota,Roundup,Kummer Ridge,47.604732,-102.847917,named_endpoint_midpoint,2,Roundup; Kummer Ridge,https://www.basinelectric.com/about-us/transmission/Roundup-Kummer-Ridge-transmission-line,https://ourgridfuture.org/
R-0487,P-0327,R-Project,,Nebraska Public Power District,On hold,2028,yes,Nebraska,Gentleman,Holt County,41.584946,-99.728107,named_endpoint_midpoint,2,Gentleman; Holt County,https://rproject.nppd.com/,https://ourgridfuture.org/
R-0490,P-0433,San Bernardino - Etiwanda 230 kV Upgrade,,Southern California Edison,Planning,2031,yes,California,San Bernardino,Etiwanda,34.084432,-117.382573,named_endpoint_midpoint,2,San Bernardino; Etiwanda,https://www.caiso.com/documents/iso-board-approved-2023-2024-transmission-plan.pdf,https://ourgridfuture.org/
R-0497,P-0440,Serrano - Del Amo - Mesa 500 kV Transmission Reinforcement,,Southern California Edison,Planning,2033,yes,California,Del Amo,Serrano,33.848223,-118.097174,one_named_endpoint,1,Del Amo,https://www.caiso.com/documents/iso-board-approved-2023-2024-transmission-plan.pdf,https://ourgridfuture.org/
R-0501,P-0444,S-Line Upgrade Project,,Citizens Energy,Construction,2023,yes,California,Imperial Valley,El Centro,32.80167,-115.537496,one_named_endpoint,1,El Centro,https://citizensenergy.com/pressrelease/citizens-energy-iid-break-ground-on-s-line-upgrade-project/,https://ourgridfuture.org/
R-0502,P-0445,Smart Path (Rebuild),,The New York Power Authority (NYPA),Complete,2023,yes,New York,Moses (St. Lawrence - FDR),Adirondack,44.463071,-75.062192,named_endpoint_midpoint,2,Moses (St. Lawrence - FDR); Adirondack,https://www.nypa.gov/-/media/nypa/documents/document-library/transmission/projects-smartpath/smartpath-faq.pdf,https://ourgridfuture.org/
R-0503,P-0446,Smart Path Connect,Rector Road/Chases Lake - Austin Road,"The New York Power Authority (NYPA), National Grid",Construction,2025,yes,New York,Chases Lake,Austin Road,43.763386,-75.346129,named_endpoint_midpoint,2,Chases Lake; Austin Road,https://www.nypa.gov/power/transmission/transmission-projects/smart-path-connect,https://ourgridfuture.org/
R-0504,P-0446,Smart Path Connect,Haverstock - Willis,"The New York Power Authority (NYPA), National Grid",Construction,2025,yes,New York,Haverstock,Willis,44.889162,-74.118671,one_named_endpoint,1,Willis,https://www.nypa.gov/power/transmission/transmission-projects/smart-path-connect,https://ourgridfuture.org/
R-0505,P-0446,Smart Path Connect,Willis - Ryan - Plattsburgh line,"The New York Power Authority (NYPA), National Grid",Construction,2025,yes,New York,Willis,Ryan,44.889964,-74.052131,named_endpoint_midpoint,2,Willis; Ryan,https://www.nypa.gov/power/transmission/transmission-projects/smart-path-connect,https://ourgridfuture.org/
R-0506,P-0446,Smart Path Connect,Willis - Patnode,"The New York Power Authority (NYPA), National Grid",Construction,2025,yes,New York,Willis,Patnode,44.889162,-74.118671,one_named_endpoint,1,Willis,https://www.nypa.gov/power/transmission/transmission-projects/smart-path-connect,https://ourgridfuture.org/
R-0509,P-0446,Smart Path Connect,Adirondack - Chases Lake - Porter,"The New York Power Authority (NYPA), National Grid",,2025,yes,New York,Adirondack,Porter,43.153005,-75.224679,one_named_endpoint,1,Porter,https://www.nypa.gov/power/transmission/transmission-projects/smart-path-connect,https://ourgridfuture.org/
R-0510,P-0446,Smart Path Connect,Adirondack - Porter,"The New York Power Authority (NYPA), National Grid",,2025,yes,New York,Adirondack,Porter,43.153005,-75.224679,one_named_endpoint,1,Porter,https://www.nypa.gov/power/transmission/transmission-projects/smart-path-connect,https://ourgridfuture.org/
R-0511,P-0446,Smart Path Connect,Adirondack - Marcy,"The New York Power Authority (NYPA), National Grid",Construction,2025,yes,New York,Adirondack,Marcy,43.178714,-75.222526,one_named_endpoint,1,Marcy,https://www.nypa.gov/power/transmission/transmission-projects/smart-path-connect,https://ourgridfuture.org/
R-0515,P-0449,South Hill 230 kV Project,,Dominion Energy,Construction,2025,yes,Virginia,Unity,Raines,36.886497,-78.141082,one_named_endpoint,1,Unity,https://www.dominionenergy.com/projects-and-facilities/electric-projects/power-line-projects/south-hill,https://ourgridfuture.org/
R-0516,P-0450,South Orange County Reliability Enhancement (SOCRE) Project,,San Diego Gas & Electric (SDG&E),Construction,2024,yes,California,Capistrano,Talega,33.482823,-117.618558,named_endpoint_midpoint,2,Capistrano; Talega,https://www.sdge.com/major-projects/major-projects-transmission-south-oc,https://ourgridfuture.org/
R-0517,P-0451,Southern Oaks Reliability Project,,Duke Energy,Complete,2024,yes,Florida,Southern Oaks,NA - Interconnects line,28.776422,-81.95614,one_named_endpoint,1,Southern Oaks,https://www.duke-energy.com/our-company/about-us/electric-transmission-projects/southern-oaks,https://ourgridfuture.org/
R-0519,P-0453,Southline Transmission Project,Phase 1 Upgrade,"Grid United, Tuscan Electric",Permitting,2028,yes,Arizona,Saguaro,Apache,32.308322,-110.594954,named_endpoint_midpoint,2,Saguaro; Apache,https://southlinetransmission.com/,https://ourgridfuture.org/
R-0520,P-0453,Southline Transmission Project,Phase 2 New Build,"Grid United, Tuscan Electric",Permitting,2028,yes,New Mexico,Hidalgo,Afton,32.40363,-108.59932,one_named_endpoint,1,Hidalgo,https://southlinetransmission.com/,https://ourgridfuture.org/
R-0521,P-0453,Southline Transmission Project,Phase 1 New Build,"Grid United, Tuscan Electric",Permitting,2028,yes,"Arizona, New Mexico",Apache,Hidalgo,32.231884,-109.246544,named_endpoint_midpoint,2,Apache; Hidalgo,https://southlinetransmission.com/,https://ourgridfuture.org/
R-0523,P-0455,Spanish Fork to Mercer Transmission Project,,PacifiCorp,Permitting,2027,yes,Utah,Spanish Fork,Mercer,40.174753,-111.80172,named_endpoint_midpoint,2,Spanish Fork; Mercer,https://www.pacificorp.com/transmission/transmission-projects/spanish-fork-to-mercer.html,https://ourgridfuture.org/
R-0524,P-0456,Sporn - Mercers Bottom 345 kV Line,,AEP,Hold,2029,yes,West Virginia,Sporn,Mercers Bottom,38.802041,-82.044982,named_endpoint_midpoint,2,Sporn; Mercers Bottom,https://www.pjm.com/planning/m/project-construction,https://ourgridfuture.org/
R-0528,P-0460,SunZia,,Pattern Energy,Complete,2026,yes,"Arizona, New Mexico",SunZia East,Pinal Central,34.100991,-105.674546,one_named_endpoint,1,SunZia East,https://patternenergy.com/projects/sunzia/,https://ourgridfuture.org/
R-0529,P-0461,Swan Lake Energy Storage Project,,Copenhagen Infrastructure Partners,Permitting,2028,yes,Oregon,Swan Lake Project,None specified,42.354686,-121.647296,one_named_endpoint,1,Swan Lake Project,https://slenergystorage.com/index.html,https://ourgridfuture.org/
R-0533,P-0465,Tarboro to Hathaway Rebuild,,Dominion Energy,Planning,2029,yes,North Carolina,Tarboro,Hathaway,35.890951,-77.538709,one_named_endpoint,1,Tarboro,https://www.dominionenergy.com/projects-and-facilities/electric-projects/power-line-projects/tarboro-to-hathaway,https://ourgridfuture.org/
R-0534,P-0466,Ten West Link,,DCR Transmission,,2024,yes,"Arizona, California",Delaney,Colorado River,33.481128,-113.034328,one_named_endpoint,1,Delaney,https://tenwestlink.com/,https://ourgridfuture.org/
R-0535,P-0467,Tesla - Newark 230 kV Line No. 2 Reconductoring,,Pacific Gas and Electric Company (PG&E),,2034,yes,California,Tesla,Newark,37.712428,-121.564928,one_named_endpoint,1,Tesla,https://www.caiso.com/documents/iso-board-approved-2023-2024-transmission-plan.pdf,https://ourgridfuture.org/
R-0536,P-0468,Three Corners Connector,,Grid United,Planning,2028,yes,"Colorado, Kansas, Oklahoma",Pueblo,Guymon,37.409987,-102.975428,named_endpoint_midpoint,2,Pueblo; Guymon,https://threecornersconnector.com/,https://ourgridfuture.org/
R-0538,P-0470,Tonkawa - Ranger Camp 345 kV Line Rebuild,,Oncor,Permitting,2027,yes,Texas,Tonkawa,Ranger Camp,32.530732,-100.684202,one_named_endpoint,1,Tonkawa,https://www.ercot.com/gridinfo/planning,https://ourgridfuture.org/
R-0539,P-0471,TransCanyonCrossTie,,"TransCanyon LLC (Berkshire Hathaway, Pinnacle West Capital Corporation)",Permitting,2027,yes,"Nevada, Utah",Robinson Summit,Clover (UT),39.336551,-114.807324,one_linked_substation,1,Gonder,https://www.transcanyon.com/projects/Cross-Tie-Transmission-Line/default.aspx,https://ourgridfuture.org/
R-0540,P-0472,TransWest Express,500 AC,The Anschutz Corporation,Construction,2029,yes,"Nevada, Utah",Intermountain,Eldorado,37.649178,-113.794665,named_endpoint_midpoint,2,Intermountain; Eldorado,https://www.transwestexpress.net/,https://ourgridfuture.org/
R-0541,P-0472,TransWest Express,500 DC,The Anschutz Corporation,Construction,2029,yes,"Colorado, Utah, Wyoming",Intermountain,Wyoming Terminal,40.623489,-109.868535,named_endpoint_midpoint,2,Intermountain; Wyoming Terminal,https://www.transwestexpress.net/,https://ourgridfuture.org/
R-0542,P-0473,Tributary 230 kV Route Options,,Dominion Energy,Permitting,2027,yes,Virginia,Tributary,NA - ties in to existing line,38.157842,-77.508394,one_named_endpoint,1,Tributary,https://www.dominionenergy.com/projects-and-facilities/electric-projects/power-line-projects/tributary,https://ourgridfuture.org/
R-0544,P-0475,Tysons - Springhill 230 kV,,Dominion Energy,Construction,2027,yes,Virginia,Tysons,Springhill,38.925434,-77.243738,one_named_endpoint,1,Springhill,https://www.pjm.com/planning/m/project-construction,https://ourgridfuture.org/
R-0547,P-0478,Upgrade Bellaire to Jeanetta Ckt.64B to increase thermal limits,,CenterPoint Energy,Planning,2025,yes,Texas,Bellaire,Jeanetta,29.721704,-95.493616,named_endpoint_midpoint,2,Bellaire; Jeanetta,https://www.ercot.com/gridinfo/planning,https://ourgridfuture.org/
R-0549,P-0480,Upgrade Ckt.99A PH Robinson to Meadow,,CenterPoint Energy,Planning,2025,yes,Texas,PH Robinson,Meadow,29.473931,-95.120138,named_endpoint_midpoint,2,PH Robinson; Meadow,https://www.ercot.com/gridinfo/planning,https://ourgridfuture.org/
R-0551,P-0482,Upgrade Silver Run - Hope Creek 230 kV Line,,LS Power,"Engineering, design, and routing",2029,yes,"Delaware, New Jersey",Silver Run,Hope Creek,39.462139,-75.58167,named_endpoint_midpoint,2,Silver Run; Hope Creek,https://www.pjm.com/planning/m/project-construction,https://ourgridfuture.org/
R-0552,P-0483,Vasona - Metcalf Limiting Elements Removal,,Pacific Gas and Electric Company (PG&E),Planning,2025,yes,California,Vasona,Metcalf,37.253879,-121.966337,one_named_endpoint,1,Vasona,https://www.caiso.com/documents/iso-board-approved-2023-2024-transmission-plan.pdf,https://ourgridfuture.org/
R-0553,P-0484,Vint Hill to Wishing Star 500 kV Line,,Dominion Energy,"Engineering, design, and routing",2030,yes,Virginia,Vint Hill,Wishing Star,38.958321,-77.548238,one_named_endpoint,1,Wishing Star,https://www.pjm.com/planning/m/project-construction,https://ourgridfuture.org/
R-0557,P-0488,Warnerville - Bellota 230 kV Line Reconductoring,,Pacific Gas and Electric Company (PG&E),Planning,2024,yes,California,Warnerville,Bellota,37.878635,-120.908094,named_endpoint_midpoint,2,Warnerville; Bellota,https://www.caiso.com/documents/iso-board-approved-2023-2024-transmission-plan.pdf,https://ourgridfuture.org/
R-0559,P-0490,West Shore - Harrisburg 230 kV Line,,PPL Electric Utilities,"Engineering, design, and routing",2033,yes,Pennsylvania,TalenEnergy Martins Creek LLC West Shore,TalenEnergy Martins Creek LLC Harrisburg,40.191082,-76.946986,one_named_endpoint,1,TalenEnergy Martins Creek LLC West Shore,https://www.pjm.com/planning/m/project-construction,https://ourgridfuture.org/
R-0561,P-0492,Western Wisconsin Transmission Connection,Segment shared by Options 1 and 2,Xcel Energy,"Engineering, design, and routing",2027,yes,Wisconsin,Tremval,Elk Farm,44.841639,-91.395562,one_named_endpoint,1,Elk Farm,https://xcelenergytransmission.com/projects/western-wisconsin-transmission-connection/,https://ourgridfuture.org/
R-0562,P-0492,Western Wisconsin Transmission Connection,Route Option 1,Xcel Energy,"Engineering, design, and routing",2027,yes,Wisconsin,Elk Farm,Jump River North,45.063593,-91.172677,named_endpoint_midpoint,2,Elk Farm; Jump River North,https://xcelenergytransmission.com/projects/western-wisconsin-transmission-connection/,https://ourgridfuture.org/
R-0563,P-0492,Western Wisconsin Transmission Connection,Route Option 2,Xcel Energy,"Engineering, design, and routing",2027,yes,Wisconsin,Elk Farm,Jump River South,44.88082,-91.02917,named_endpoint_midpoint,2,Elk Farm; Jump River South,https://xcelenergytransmission.com/projects/western-wisconsin-transmission-connection/,https://ourgridfuture.org/
R-0567,P-0496,Wilmington Northeast Reliability Project,,Duke Energy,Construction,2023,yes,North Carolina,Porter's Neck,NA - ties in to existing line,34.302847,-77.791929,one_named_endpoint,1,Porter's Neck,"https://www.duke-energy.com/our-company/about-us/electric-transmission-projects/wilmington-ne-project#:~:text=This%20station%20will%20house%20new,transmission%20line%20will%20be%20constructed.",https://ourgridfuture.org/
R-0573,P-0502,Woodside - Goose Creek 500 kV Line,Greenfield,APS,"Engineering, design, and routing",2031,yes,"Maryland, Virginia",NA - line continuation,Goose Creek (VA),39.27181,-78.079471,one_linked_substation,1,Woodside,https://www.pjm.com/planning/m/project-construction,https://ourgridfuture.org/
R-0574,P-0502,Woodside - Goose Creek 500 kV Line,Existing ROW,APS,"Engineering, design, and routing",2031,yes,"Maryland, Virginia, West Virginia",Woodside,NA - line continuation,39.27181,-78.079471,one_named_endpoint,1,Woodside,https://www.pjm.com/planning/m/project-construction,https://ourgridfuture.org/
R-0579,P-0507,Cricket Valley - Dover 345 kV,,New York Transco,Complete,2025,yes,New York,Cricket Valley,Dover,41.676467,-73.577773,named_endpoint_midpoint,2,Cricket Valley; Dover,https://www.nyiso.com/planning-reliability-compliance,https://ourgridfuture.org/
R-0582,P-0510,Dawson County  - Williston 230 kV,,Western Area Power Administration (WAPA),"Engineering, design, and routing",2032,yes,"Montana, North Dakota",Williston,Dawson Creek,47.625352,-104.250552,two_linked_substations_midpoint,2,Williston 230 kV; Dawson County,https://www.spp.org/spp-documents-filings/?id=18641,https://ourgridfuture.org/
R-0583,P-0511,Logan - Finstad 345 kV,,Basin Electric Power Cooperative,"Engineering, design, and routing",2032,yes,North Dakota,Logan,Finstad,48.038046,-102.357422,one_named_endpoint,1,Finstad,https://www.spp.org/spp-documents-filings/?id=18641,https://ourgridfuture.org/
R-0584,P-0512,Holcomb - Sidney 345 kV,,"Basin Electric Power Cooperative, Southeast Power Coporation","Engineering, design, and routing",2031,yes,"Kansas, Nebraska, Colorado",Holcomb,Sidney,39.526,-101.970923,named_endpoint_midpoint,2,Holcomb; Sidney,https://www.spp.org/spp-documents-filings/?id=18641,https://ourgridfuture.org/
R-0585,P-0513,Patent Gate - Pioneer 345 kV,,Basin Electric Power Cooperative (BEPC),"Engineering, design, and routing",2030,yes,North Dakota,Patent Gate,Pioneer,48.04709,-103.715122,named_endpoint_midpoint,2,Patent Gate; Pioneer,https://www.spp.org/spp-documents-filings/?id=18641,https://ourgridfuture.org/
R-0586,P-0514,Belfield - Maurine 345 kV,,Western Area Power Administration (WAPA),"Engineering, design, and routing",2034,yes,"North Dakota, South Dakota",Belfield,Maurine,45.924758,-102.831095,named_endpoint_midpoint,2,Belfield; Maurine,https://www.spp.org/spp-documents-filings/?id=18641,https://ourgridfuture.org/
R-0587,P-0515,Laramie River - New Underwood 345 kV,Laramie River - New Underwood,Basin Electric Power Cooperative (BEPC),"Engineering, design, and routing",2034,yes,"South Dakota, Wyoming",Laramie River,New Underwood,44.071939,-102.826878,one_named_endpoint,1,New Underwood,https://www.spp.org/spp-documents-filings/?id=18641,https://ourgridfuture.org/
R-0588,P-0515,Laramie River - New Underwood 345 kV,New Underwood - Maurine,Western Area Power Administration (WAPA),"Engineering, design, and routing",2034,yes,South Dakota,New Underwood,Maurine,44.071939,-102.826878,one_named_endpoint,1,New Underwood,https://www.spp.org/spp-documents-filings/?id=18641,https://ourgridfuture.org/
R-0589,P-0516,S3458 - S3740 345 kV,,Omaha Public Power District,Planning,2030,yes,Nebraska,Nebraska City,Cass County,40.784679,-95.871286,named_endpoint_midpoint,2,Nebraska City; Cass County,https://www.spp.org/spp-documents-filings/?id=18641,https://ourgridfuture.org/
R-0590,P-0517,Potter - Crossroads - Phantom 765 kV,,Southwestern Public Service,"Engineering, design, and routing",2031,yes,"New Mexico, Texas",Potter,Phantom,35.310286,-101.922621,one_linked_substation,1,Potter County,https://www.spp.org/spp-documents-filings/?id=18641,https://ourgridfuture.org/
R-0591,P-0518,Moore County - Xit 230 kV,,Southwestern Public Service,"Engineering, design, and routing",2028,yes,Texas,Moore County,Xit,36.015788,-102.195912,named_endpoint_midpoint,2,Moore County; XIT,https://www.spp.org/spp-documents-filings/?id=18641,https://ourgridfuture.org/
R-0594,P-0521,Ft Smith - Muskogee 345 kV,,OGE,"Engineering, design, and routing",2028,yes,Oklahoma,Fort Smith,,35.300004,-94.430405,one_named_endpoint,1,Fort Smith,https://www.spp.org/spp-documents-filings/?id=18641,https://ourgridfuture.org/
R-0597,P-0524,Branson NW - Monett 345 kV,,EDE,"Engineering, design, and routing",2028,yes,Missouri,Branson NW,Monett,36.672323,-93.258538,one_named_endpoint,1,Branson NW,https://www.spp.org/spp-documents-filings/?id=18641,https://ourgridfuture.org/
R-0599,P-0526,Reconductor Midlothian - Trabue 230 kV,,Dominion Energy,"Engineering, design, and routing",2026,yes,Virginia,Midlothian,Trabue,37.507267,-77.628993,one_named_endpoint,1,Trabue,https://www.pjm.com/planning/m/project-construction,https://ourgridfuture.org/
R-0603,P-0530,Rebuild Hyatt - Marysville 345 kV,,AEP,"Engineering, design, and routing",2027,yes,Ohio,Hyatt,Marysville,40.215326,-83.089383,one_named_endpoint,1,Hyatt,https://www.pjm.com/planning/m/project-construction,https://ourgridfuture.org/
R-0604,P-0531,Conesville - Corridor 345 kV,,AEP,Construction,2025,yes,Ohio,Conesville,Corridor,40.124259,-82.845278,one_named_endpoint,1,Corridor,https://www.pjm.com/planning/m/project-construction,https://ourgridfuture.org/
R-0605,P-0532,Montour - Susquehanna 230 kV,,PPL Electric Utilities,"Engineering, design, and routing",2029,yes,Pennsylvania,Montour Station,Susquehanna,41.082312,-76.40545,named_endpoint_midpoint,2,Montour Station; Susquehanna,https://www.pjm.com/planning/m/project-construction,https://ourgridfuture.org/
R-0606,P-0533,Siegfried - Harwood 230 kV,,PPL Electric Utilities,Construction,2026,yes,Pennsylvania,Siegfried,Harwood,40.713128,-75.51812,one_named_endpoint,1,Siegfried,https://www.pjm.com/planning/m/project-construction,https://ourgridfuture.org/
R-0607,P-0534,Frackville-Columbia 230 kV,,PPL Electric Utilities,"Engineering, design, and routing",2029,yes,Pennsylvania,Frackville,Columbia,41.002328,-76.506926,one_named_endpoint,1,Columbia,https://www.pjm.com/planning/m/project-construction,https://ourgridfuture.org/
R-0608,P-0535,Sully - Takeoff 230 kV,,Dominion Energy,Construction,2027,yes,Virginia,Walney,Takeoff,38.898091,-77.429975,named_endpoint_midpoint,2,Walney; Takeoff,https://www.pjm.com/planning/m/project-construction,https://ourgridfuture.org/
R-0611,P-0538,DeLand West - Dona Vista 230 kV,,Duke Energy,Permitting,2029,yes,Florida,Deland West,Dona Vista,28.945582,-81.531298,named_endpoint_midpoint,2,Deland West; Dona Vista,https://www.duke-energy.com/Our-Company/About-Us/Electric-Transmission-Projects/deland,https://ourgridfuture.org/
R-0612,P-0539,Clark County Reliability Project 345 kV,,Duke Energy,"Engineering, design, and routing",2028,yes,Indiana,Speed,Clark County Logistics,38.409435,-85.710742,named_endpoint_midpoint,2,Speed; Clark County Logistics,https://www.duke-energy.com/Our-Company/About-Us/Electric-Transmission-Projects/Clark-County-Reliability-Project,https://ourgridfuture.org/
R-0613,P-0540,New Stillwell to Elderberry 345kV Line,,"WABASH VALLEY POWER ASSOCIATION, INC.","Engineering, design, and routing",2028,yes,Indiana,Elderberry,Stillwell,41.537116,-86.578034,one_named_endpoint,1,Stillwell,https://cdn.misoenergy.org/2025%20SPM1%20MTEP25%20Data%20Pull677826.xlsx,https://ourgridfuture.org/
R-0614,P-0541,Sarepta to Mount Olive 500 kV Project,,Entergy LA,,2028,yes,Louisiana,Sarepta,Mount Olive,32.74362,-93.068157,named_endpoint_midpoint,2,Sarepta; Mount Olive,https://cdn.misoenergy.org/2025%20SPM1%20MTEP25%20Data%20Pull677826.xlsx,https://ourgridfuture.org/
R-0615,P-0542,Cypress to Legend 500 kV line,,Entergy,Permitting,2028,yes,Texas,Cypress,Legend,30.303634,-94.257202,one_named_endpoint,1,Cypress,https://cdn.misoenergy.org/2025%20SPM1%20MTEP25%20Data%20Pull677826.xlsx,https://ourgridfuture.org/
R-0616,P-0543,Pickens - South Canton 230 kV Line Rebuilds,,Entergy MS,,2026,yes,Mississippi,Pickens,Canton,32.774818,-89.967928,named_endpoint_midpoint,2,Pickens; Canton,https://cdn.misoenergy.org/2025%20SPM1%20MTEP25%20Data%20Pull677826.xlsx,https://ourgridfuture.org/
R-0617,P-0544,Labadie-Montgomery 345kV Aging Infrastructure,,Ameren Missouri,"Engineering, design, and routing",2027,yes,Missouri,Labadie,Montgomery,38.742543,-91.147392,named_endpoint_midpoint,2,Labadie; Montgomery,https://cdn.misoenergy.org/2025%20SPM1%20MTEP25%20Data%20Pull677826.xlsx,https://ourgridfuture.org/
R-0618,P-0545,J1432 GIA NU New Bryant 345 kV Switch Station,,ITC MIDWEST,Planning,2028,yes,Iowa,Rock Creek,Salem,42.096553,-90.479739,named_endpoint_midpoint,2,Rock Creek; Salem,https://cdn.misoenergy.org/2025%20SPM1%20MTEP25%20Data%20Pull677826.xlsx,https://ourgridfuture.org/
R-0619,P-0546,Willow Glen - Point Pleasant 230 kV Upgrade,,Entergy LA,"Engineering, design, and routing",2026,yes,Louisiana,Willow Glen,Point Pleasant,30.252078,-91.16055,one_named_endpoint,1,Point Pleasant,https://cdn.misoenergy.org/2025%20SPM1%20MTEP25%20Data%20Pull677826.xlsx,https://ourgridfuture.org/
R-0620,P-0547,New Firebrick Wind Farm (J1026),,Ameren Missouri,Complete,2025,yes,Missouri,Spencer Creek,Firebrick Wind Farm,39.295828,-91.589314,named_endpoint_midpoint,2,Spencer Creek; Firebrick Wind Farm,https://cdn.misoenergy.org/2025%20SPM1%20MTEP25%20Data%20Pull677826.xlsx,https://ourgridfuture.org/
R-0621,P-0548,Legend - Sandling 230 kV,,Entergy,Planning,2028,yes,Texas,Legend,Sandling,29.76235,-93.929585,one_named_endpoint,1,Sandling,https://cdn.misoenergy.org/2025%20SPM1%20MTEP25%20Data%20Pull677826.xlsx,https://ourgridfuture.org/
R-0622,P-0549,Rolling Hills - Southland 345 kV,,MidAmerican Energy Company,,2026,yes,Iowa,Rolling Hills,Southland,41.176751,-95.286137,named_endpoint_midpoint,2,Rolling Hills; Southland,https://cdn.misoenergy.org/2025%20SPM1%20MTEP25%20Data%20Pull677826.xlsx,https://ourgridfuture.org/
R-0623,P-0550,Adams Creek - Robert 230 kV,,Entergy LA,,2027,yes,Louisiana,Adams Creek,Robert,30.681006,-90.095382,named_endpoint_midpoint,2,Adams Creek; Robert,https://cdn.misoenergy.org/2025%20SPM1%20MTEP25%20Data%20Pull677826.xlsx,https://ourgridfuture.org/
R-0624,P-0551,Tallmadge-Argenta - J1663 Generator Interconnection,,Michigan Electric Transmission Company,,2027,yes,Michigan,Argenta,Tallmadge,42.702827,-85.708568,named_endpoint_midpoint,2,Argenta; Tallmadge,https://cdn.misoenergy.org/2025%20SPM1%20MTEP25%20Data%20Pull677826.xlsx,https://ourgridfuture.org/
R-0625,P-0552,Julian Hinds - Mirage 230 kV,,Southern California Edison,,2030,yes,California,Julian Hinds,Mirage,33.761511,-115.998155,named_endpoint_midpoint,2,Julian Hinds; Mirage,https://www.caiso.com/documents/iso-board-approved-2024-2025-transmission-plan.pdf,https://ourgridfuture.org/
R-0626,P-0553,San Jose B - NRS 230 kV line,,Pacific Gas and Electric Company (PG&E),,2030,yes,California,San Jose B,North Receiving Station,37.340917,-121.901703,one_named_endpoint,1,San Jose B,https://www.caiso.com/documents/iso-board-approved-2024-2025-transmission-plan.pdf,https://ourgridfuture.org/
R-0629,P-0556,Bell County East to Big Hill 765 kV Transmission Project,,"LCRA Transmission Services Corporation, Oncor","Engineering, design, and routing",2030,yes,Texas,Big Hill,Bell County,31.002638,-97.258704,one_named_endpoint,1,Bell County,https://www.ercot.com/files/docs/2022/03/02/ERCOT%20February%20TPIT%20No%20Cost%20020125.xlsx,https://ourgridfuture.org/
R-0630,P-0557,Dinosaur - Longshore 765 kV Transmission Project,,Oncor,"Engineering, design, and routing",2029,yes,Texas,Dinosaur,Longshore,32.279123,-97.791978,one_named_endpoint,1,Dinosaur,https://www.ercot.com/files/docs/2022/03/02/ERCOT%20February%20TPIT%20No%20Cost%20020125.xlsx,https://ourgridfuture.org/
R-0632,P-0559,Construct Clearfork - Drill Hole 345 kV DCKT Line,,Oncor,Planning,2028,yes,Texas,Clearfork,Drill Hole,32.163789,-102.77703,one_named_endpoint,1,Clearfork,https://www.ercot.com/files/docs/2022/03/02/ERCOT%20February%20TPIT%20No%20Cost%20020125.xlsx,https://ourgridfuture.org/
R-0633,P-0560,Creosote - Toyah Creek 345 kV Line,,AEP Texas,Planning,2029,yes,Texas,Cresosote,Toyah Creek,31.367555,-103.387735,one_named_endpoint,1,Toyah Creek,https://www.ercot.com/files/docs/2022/03/02/ERCOT%20February%20TPIT%20No%20Cost%20020125.xlsx,https://ourgridfuture.org/
R-0634,P-0561,Solstice - Bottlebrush New 345 kV Line,,AEP Texas,"Engineering, design, and routing",2030,yes,Texas,Solstice,Bottlebrush,30.607313,-102.581574,one_named_endpoint,1,Bottlebrush,https://www.ercot.com/files/docs/2022/03/02/ERCOT%20February%20TPIT%20No%20Cost%20020125.xlsx,https://ourgridfuture.org/
R-0635,P-0562,Solstice - Faulkner New 345 kV Line,,AEP Texas,"Engineering, design, and routing",2029,yes,Texas,Solstice,Faulkner,31.261849,-103.794337,one_named_endpoint,1,Faulkner,https://www.ercot.com/files/docs/2022/03/02/ERCOT%20February%20TPIT%20No%20Cost%20020125.xlsx,https://ourgridfuture.org/
R-0636,P-0563,Reconductor Tewksbury - Woburn 345 kV,,"Eversource Energy, National Grid",Planning,2026,yes,Massachusetts,Tewksbury No. 22A,Woburn,42.542553,-71.198182,named_endpoint_midpoint,2,Tewksbury No. 22A; Woburn,https://www.iso-ne.com/static-assets/documents/100022/final_rsp_project_list-mar2025.xlsx,https://ourgridfuture.org/
R-0637,P-0564,Reconductor Scovill Rock - Haddam Neck,,Eversource,Construction,2025,yes,Connecticut,Scovill Rock,Haddam Neck,41.499327,-72.531206,named_endpoint_midpoint,2,Scovill Rock; Haddam Neck,https://www.iso-ne.com/static-assets/documents/100022/final_rsp_project_list-mar2025.xlsx,https://ourgridfuture.org/
R-0639,P-0566,Ashley Park - Wansley 500 kV,,Georgia Power,Planning,2029,yes,Georgia,Ashley Park,Wansley,33.501433,-84.487637,one_named_endpoint,1,Ashley Park,https://services.psc.ga.gov/api/v1/External/Public/Get/Document/DownloadFile/220948/102128,https://ourgridfuture.org/
R-0640,P-0567,Dresden - Talbot 500 kV,,Georgia Transmission,"Engineering, design, and routing",2031,yes,Georgia,Dresden,Talbot,33.351644,-84.907616,one_named_endpoint,1,Dresden,https://www.southeasternrtp.com/docs/general/2024/2024_SERTP_4th_Qtr_Presentation.pdf,https://ourgridfuture.org/
R-0642,P-0569,Heard County - Tenaska 500 kV,,Georgia Transmission,Construction,2025,yes,Georgia,Heard County,Tenaska,33.359012,-84.994568,one_named_endpoint,1,Heard County,https://www.southeasternrtp.com/docs/general/2024/2024_SERTP_4th_Qtr_Presentation.pdf,https://ourgridfuture.org/
R-0643,P-0570,Farley - Tazewell 500 kV,,Georgia Power,Planning,2030,yes,Georgia,Farley,Tazewell,31.793515,-84.796544,named_endpoint_midpoint,2,Farley; Tazewell,https://www.southeasternrtp.com/docs/general/2024/2024_SERTP_4th_Qtr_Presentation.pdf,https://ourgridfuture.org/
R-0645,P-0572,Rockville - Tiger Creek 500 kV,,Georgia Transmission,Planning,2030,yes,Georgia,Rockville,Tiger Creek,33.094481,-82.981578,one_named_endpoint,1,Tiger Creek,https://www.southeasternrtp.com/docs/general/2024/2024_SERTP_4th_Qtr_Presentation.pdf,https://ourgridfuture.org/
R-0646,P-0573,Tiger Creek - Warthen 500 kV,,Georgia Transmission,Planning,2030,yes,Georgia,Tiger Creek,Warthen,33.119922,-82.859392,one_linked_substation,1,Warthen Substation,https://www.southeasternrtp.com/docs/general/2024/2024_SERTP_4th_Qtr_Presentation.pdf,https://ourgridfuture.org/
R-0647,P-0574,Hatch - Wadley 500 kV,,Georgia Power,Planning,2031,yes,Georgia,Hatch,Wadley,32.408578,-82.379702,named_endpoint_midpoint,2,Hatch; Wadley,https://www.georgiapower.com/content/dam/georgia-power/pdfs/company-pdfs/2025-Integrated-Resource-Plan.pdf,https://ourgridfuture.org/
R-0649,P-0576,Mcgrau Ford - Middle Fork 500 kV,,Georgia Transmission,Planning,2033,yes,Georgia,McGrau Ford,Middle Fork,34.326965,-84.337396,one_named_endpoint,1,McGrau Ford,https://www.southeasternrtp.com/docs/general/2024/2024_SERTP_4th_Qtr_Presentation.pdf,https://ourgridfuture.org/
R-0651,P-0578,Battle Creek - Oneida,,Michigan Electric Transmission Company,,2026,yes,Michigan,Battle Creek,Oneida,42.368678,-85.158411,one_named_endpoint,1,Battle Creek,https://cdn.misoenergy.org/MTEP%20Appendix%20A%20Status%20Report575959.xlsx,https://ourgridfuture.org/
R-0655,P-0582,Dowling - Fulton 345 kV Transmission Line Tap to Melbourne,,American Transmission Systems (ATSI),"Engineering, design, and routing",2026,yes,Ohio,Fulton,Melbourne,41.583481,-83.983905,named_endpoint_midpoint,2,Fulton; Melbourne,https://www.pjm.com/planning/m/project-construction,https://ourgridfuture.org/
R-0657,P-0584,Centreport 230 kV Electric Transmission Project,,Dominion Energy,Permitting,2027,yes,Virginia,Centreport,,38.390234,-77.46455,one_named_endpoint,1,Centreport,https://www.dominionenergy.com/about/delivering-energy/electric-projects/power-line-projects/centreport,https://ourgridfuture.org/
R-0658,P-0585,Midessa South SW - Consavvy - Longshore Switch - Morgan Creek SES 345 kV Line Upgrades,,Oncor,,2027,yes,Texas,Midessa South SW,Morgan Creek,31.858303,-102.216184,one_named_endpoint,1,Midessa South SW,https://www.ercot.com/files/docs/2022/03/02/ERCOT%20February%20TPIT%20No%20Cost%20020125.xlsx,https://ourgridfuture.org/
R-0660,P-0587,Big Smarr - Tomochichi 500 kV,,Georgia Transmission,Planning,2030,yes,Georgia,Big Smarr,Tomochichi,33.122487,-83.99321,named_endpoint_midpoint,2,Big Smarr; Tomochichi,https://www.southeasternrtp.com/docs/general/2024/2024_SERTP_4th_Qtr_Presentation.pdf,https://ourgridfuture.org/
R-0661,P-0588,Seminole - SW Shreveport 765 kV,,"Oklahoma Gas and Electric Company, AEP",Planning,2030,yes,"Oklahoma, Texas, Louisiana",Seminole (OK),Southwest Shreveport,32.404782,-93.864626,one_named_endpoint,1,Southwest Shreveport,https://www.spp.org/media/2429/2025-itp-report-v10.pdf,https://ourgridfuture.org/
R-0705,P-0632,Crawfish Draw - Woodward 765 kV,,"Southwestern Public Service, Oklahoma Gas and Electric Company",Planning,2032,yes,"Oklahoma, Texas",Crawfish Draw,Woodward,36.311799,-99.368382,one_named_endpoint,1,Woodward,https://www.spp.org/media/2429/2025-itp-report-v10.pdf,https://ourgridfuture.org/
R-0706,P-0633,Babel - Webre 500 kV Line,,Entergy LA,"Engineering, design, and routing",2029,yes,"Louisiana, Texas",Babel,Webre,30.442085,-91.475561,one_named_endpoint,1,Webre,https://power-viz.com/babel-webre/index.php,https://ourgridfuture.org/
R-0713,P-0640,Heritage - Mosby (HVDC Underground) 525 kV,,Dominion,Planning,2032,yes,Virginia,Brunswick,Mosby,37.818185,-77.744677,named_endpoint_midpoint,2,Brunswick; Mosby,https://www.pjm.com/-/media/DotCom/committees-groups/committees/teac/2026/20260106/20260106-item-09---reliability-analysis-update.pdf,https://ourgridfuture.org/
R-0715,P-0642,Sunbury - Kelayres 500 kV,,PPL Electric Utilities,Planning,2030,yes,Virginia,Sunbury,Kelayres,40.885835,-76.428939,named_endpoint_midpoint,2,Sunbury; Kelayres,https://www.pjm.com/-/media/DotCom/committees-groups/committees/teac/2026/20260106/20260106-2025-rtep-window-1-constructability-and-cost-analysis-report.pdf,https://ourgridfuture.org/
R-0718,P-0645,Guernsey - Conesville 765 kV,,"Transource, First Energy",Planning,2030,yes,Ohio,Guernsey,Conesville,39.93335,-81.527229,one_named_endpoint,1,Guernsey,https://www.pjm.com/-/media/DotCom/committees-groups/committees/teac/2026/20260106/20260106-item-09---reliability-analysis-update.pdf,https://ourgridfuture.org/
R-0720,P-0647,West Millersport - Adkins 765 kV,,"Transource, First Energy",Planning,2031,yes,Ohio,West Millersport,Adkins,39.712337,-83.177565,one_named_endpoint,1,Adkins,https://www.pjm.com/-/media/DotCom/committees-groups/committees/teac/2026/20260106/20260106-item-09---reliability-analysis-update.pdf,https://ourgridfuture.org/
R-0721,P-0648,Teddy - Cole 345 kV,,"Transource, First Energy",Planning,2030,yes,Ohio,Teddy,Cole,39.958654,-83.181047,one_named_endpoint,1,Cole,https://www.pjm.com/-/media/DotCom/committees-groups/committees/teac/2026/20260106/20260106-item-09---reliability-analysis-update.pdf,https://ourgridfuture.org/
R-0723,P-0150,Gateway Central,Segment B Honeyville to Populus 345 kV Reconductor,Pacificorp,Permitting,2028,yes,"Idaho, Utah",Populus,Honeyville,41.637077,-112.06977,one_named_endpoint,1,Honeyville,https://www.pacificorp.com/transmission/transmission-projects/segment-b-honeyville-populus-threemile.html,https://ourgridfuture.org/
